Current Path	Option 1	Option 2	Option 3	Option 4																					
START	A01	A02	A03	A04																					
A01	B01	B02	B03	B04																					
A02	B05	B06	B07	B08																					
A03	B09	B10	B11	B12																					
A04	B13	B14	B15	B16																					
																									
B01	C01	C02	C03	C04																					
B02	C05	C06	C07	C08																					
B03	C09	C10	C11	C12																					
B04	C13	C14	C15	C16																					
B05	C17	C18	C19	C20																					
B06	C21	C22	C23	C24																					
B07	C25	C26	C27	C28																					
B08	C29	C30	C31	C32																					
B09	C33	C34	C35	C36																					
B10	C37	C38	C39	C40																					
B11	C41	C42	C43	C44																					
B12	C45	C46	C47	C48																					
B13	C49	C50	C51	C52																					
B14	C53	C54	C55	C56																					
B15	C57	C58	C59	C60																					
B16	C61	C62	C63	C64																					
																									
C01	D01	D02	D03	D04																					
C02	D05	D06	D07	D08																					
C03	D09	D10	D11	D12																					
C04	D13	D14	D15	D16																					
C05	D17	D18	D19	D20																					
C06	D21	D22	D23	D24																					
C07	D25	D26	D27	D28																					
C08	D29	D30	D31	D32																					
C09	D33	D34	D35	D36																					
C10	D37	D38	D39	D40																					
C11	D41	D42	D43	D44																					
C12	D45	D46	D47	D48																					
C13	D49	D50	D51	D52																					
C14	D53	D54	D55	D56																					
C15	D57	D58	D59	D60																					
C16	D61	D62	D63	D64																					
C17	D65	D66	D67	D68																					
C18	D69	D70	D71	D72																					
C19	D73	D74	D75	D76																					
C20	D77	D78	D79	D80																					
C21	D81	D82	D83	D84																					
C22	D85	D86	D87	D88																					
C23	D89	D90	D91	D92																					
C24	D93	D94	D95	D96																					
C25	D97	D98	D99	D100																					
C26	D101	D102	D103	D104																					
C27	D105	D106	D107	D108																					
C28	D109	D110	D111	D112																					
C29	D113	D114	D115	D116																					
C30	D117	D118	D119	D120																					
C31	D121	D122	D123	D124																					
C32	D125	D126	D127	D128																					
C33	D129	D130	D131	D132																					
C34	D133	D134	D135	D136																					
C35	D137	D138	D139	D140																					
C36	D141	D142	D143	D144																					
C37	D145	D146	D147	D148																					
C38	D149	D150	D151	D152																					
C39	D153	D154	D155	D156																					
C40	D157	D158	D159	D160																					
C41	D161	D162	D163	D164																					
C42	D165	D166	D167	D168																					
C43	D169	D170	D171	D172																					
C44	D173	D174	D175	D176																					
C45	D177	D178	D179	D180																					
C46	D181	D182	D183	D184																					
C47	D185	D186	D187	D188																					
C48	D189	D190	D191	D192																					
C49	D193	D194	D195	D196																					
C50	D197	D198	D199	D200																					
C51	D201	D202	D203	D204																					
C52	D205	D206	D207	D208																					
C53	D209	D210	D211	D212																					
C54	D213	D214	D215	D216																					
C55	D217	D218	D219	D220																					
C56	D221	D222	D223	D224																					
C57	D225	D226	D227	D228																					
C58	D229	D230	D231	D232																					
C59	D233	D234	D235	D236																					
C60	D237	D238	D239	D240																					
C61	D241	D242	D243	D244																					
C62	D245	D246	D247	D248																					
C63	D249	D250	D251	D252																					
C64	D253	D254	D255	D256																					
																									
D01	E01	E02	E03	E04																					
D02	E05	E06	E07	E08																					
D03	E09	E10	E11	E12																					
D04	E13	E14	E15	E16																					
D05	E17	E18	E19	E20																					
D06	E21	E22	E23	E24																					
D07	E25	E26	E27	E28																					
D08	E29	E30	E31	E32																					
D09	E33	E34	E35	E36																					
D10	E37	E38	E39	E40																					
D11	E41	E42	E43	E44																					
D12	E45	E46	E47	E48																					
D13	E49	E50	E51	E52																					
D14	E53	E54	E55	E56																					
D15	E57	E58	E59	E60																					
D16	E61	E62	E63	E64																					
D17	E65	E66	E67	E68																					
D18	E69	E70	E71	E72																					
D19	E73	E74	E75	E76																					
D20	E77	E78	E79	E80																					
D21	E81	E82	E83	E84																					
D22	E85	E86	E87	E88																					
D23	E89	E90	E91	E92																					
D24	E93	E94	E95	E96																					
D25	E97	E98	E99	E100																					
D26	E101	E102	E103	E104																					
D27	E105	E106	E107	E108																					
D28	E109	E110	E111	E112																					
D29	E113	E114	E115	E116																					
D30	E117	E118	E119	E120																					
D31	E121	E122	E123	E124																					
D32	E125	E126	E127	E128																					
D33	E129	E130	E131	E132																					
D34	E133	E134	E135	E136																					
D35	E137	E138	E139	E140																					
D36	E141	E142	E143	E144																					
D37	E145	E146	E147	E148																					
D38	E149	E150	E151	E152																					
D39	E153	E154	E155	E156																					
D40	E157	E158	E159	E160																					
D41	E161	E162	E163	E164																					
D42	E165	E166	E167	E168																					
D43	E169	E170	E171	E172																					
D44	E173	E174	E175	E176																					
D45	E177	E178	E179	E180																					
D46	E181	E182	E183	E184																					
D47	E185	E186	E187	E188																					
D48	E189	E190	E191	E192																					
D49	E193	E194	E195	E196																					
D50	E197	E198	E199	E200																					
D51	E201	E202	E203	E204																					
D52	E205	E206	E207	E208																					
D53	E209	E210	E211	E212																					
D54	E213	E214	E215	E216																					
D55	E217	E218	E219	E220																					
D56	E221	E222	E223	E224																					
D57	E225	E226	E227	E228																					
D58	E229	E230	E231	E232																					
D59	E233	E234	E235	E236																					
D60	E237	E238	E239	E240																					
D61	E241	E242	E243	E244																					
D62	E245	E246	E247	E248																					
D63	E249	E250	E251	E252																					
D64	E253	E254	E255	E256																					
D65	E257	E258	E259	E260																					
D66	E261	E262	E263	E264																					
D67	E265	E266	E267	E268																					
D68	E269	E270	E271	E272																					
D69	E273	E274	E275	E276																					
D70	E277	E278	E279	E280																					
D71	E281	E282	E283	E284																					
D72	E285	E286	E287	E288																					
D73	E289	E290	E291	E292																					
D74	E293	E294	E295	E296																					
D75	E297	E298	E299	E300																					
D76	E301	E302	E303	E304																					
D77	E305	E306	E307	E308																					
D78	E309	E310	E311	E312																					
D79	E313	E314	E315	E316																					
D80	E317	E318	E319	E320																					
D81	E321	E322	E323	E324																					
D82	E325	E326	E327	E328																					
D83	E329	E330	E331	E332																					
D84	E333	E334	E335	E336																					
D85	E337	E338	E339	E340																					
D86	E341	E342	E343	E344																					
D87	E345	E346	E347	E348																					
D88	E349	E350	E351	E352																					
D89	E353	E354	E355	E356																					
D90	E357	E358	E359	E360																					
D91	E361	E362	E363	E364																					
D92	E365	E366	E367	E368																					
D93	E369	E370	E371	E372																					
D94	E373	E374	E375	E376																					
D95	E377	E378	E379	E380																					
D96	E381	E382	E383	E384																					
D97	E385	E386	E387	E388																					
D98	E389	E390	E391	E392																					
D99	E393	E394	E395	E396																					
D100	E397	E398	E399	E400																					
D101	E401	E402	E403	E404																					
D102	E405	E406	E407	E408																					
D103	E409	E410	E411	E412																					
D104	E413	E414	E415	E416																					
D105	E417	E418	E419	E420																					
D106	E421	E422	E423	E424																					
D107	E425	E426	E427	E428																					
D108	E429	E430	E431	E432																					
D109	E433	E434	E435	E436																					
D110	E437	E438	E439	E440																					
D111	E441	E442	E443	E444																					
D112	E445	E446	E447	E448																					
D113	E449	E450	E451	E452																					
D114	E453	E454	E455	E456																					
D115	E457	E458	E459	E460																					
D116	E461	E462	E463	E464																					
D117	E465	E466	E467	E468																					
D118	E469	E470	E471	E472																					
D119	E473	E474	E475	E476																					
D120	E477	E478	E479	E480																					
D121	E481	E482	E483	E484																					
D122	E485	E486	E487	E488																					
D123	E489	E490	E491	E492																					
D124	E493	E494	E495	E496																					
D125	E497	E498	E499	E500																					
D126	E501	E502	E503	E504																					
D127	E505	E506	E507	E508																					
D128	E509	E510	E511	E512																					
D129	E513	E514	E515	E516																					
D130	E517	E518	E519	E520																					
D131	E521	E522	E523	E524																					
D132	E525	E526	E527	E528																					
D133	E529	E530	E531	E532																					
D134	E533	E534	E535	E536																					
D135	E537	E538	E539	E540																					
D136	E541	E542	E543	E544																					
D137	E545	E546	E547	E548																					
D138	E549	E550	E551	E552																					
D139	E553	E554	E555	E556																					
D140	E557	E558	E559	E560																					
D141	E561	E562	E563	E564																					
D142	E565	E566	E567	E568																					
D143	E569	E570	E571	E572																					
D144	E573	E574	E575	E576																					
D145	E577	E578	E579	E580																					
D146	E581	E582	E583	E584																					
D147	E585	E586	E587	E588																					
D148	E589	E590	E591	E592																					
D149	E593	E594	E595	E596																					
D150	E597	E598	E599	E600																					
D151	E601	E602	E603	E604																					
D152	E605	E606	E607	E608																					
D153	E609	E610	E611	E612																					
D154	E613	E614	E615	E616																					
D155	E617	E618	E619	E620																					
D156	E621	E622	E623	E624																					
D157	E625	E626	E627	E628																					
D158	E629	E630	E631	E632																					
D159	E633	E634	E635	E636																					
D160	E637	E638	E639	E640																					
D161	E641	E642	E643	E644																					
D162	E645	E646	E647	E648																					
D163	E649	E650	E651	E652																					
D164	E653	E654	E655	E656																					
D165	E657	E658	E659	E660																					
D166	E661	E662	E663	E664																					
D167	E665	E666	E667	E668																					
D168	E669	E670	E671	E672																					
D169	E673	E674	E675	E676																					
D170	E677	E678	E679	E680																					
D171	E681	E682	E683	E684																					
D172	E685	E686	E687	E688																					
D173	E689	E690	E691	E692																					
D174	E693	E694	E695	E696																					
D175	E697	E698	E699	E700																					
D176	E701	E702	E703	E704																					
D177	E705	E706	E707	E708																					
D178	E709	E710	E711	E712																					
D179	E713	E714	E715	E716																					
D180	E717	E718	E719	E720																					
D181	E721	E722	E723	E724																					
D182	E725	E726	E727	E728																					
D183	E729	E730	E731	E732																					
D184	E733	E734	E735	E736																					
D185	E737	E738	E739	E740																					
D186	E741	E742	E743	E744																					
D187	E745	E746	E747	E748																					
D188	E749	E750	E751	E752																					
D189	E753	E754	E755	E756																					
D190	E757	E758	E759	E760																					
D191	E761	E762	E763	E764																					
D192	E765	E766	E767	E768																					
D193	E769	E770	E771	E772																					
D194	E773	E774	E775	E776																					
D195	E777	E778	E779	E780																					
D196	E781	E782	E783	E784																					
D197	E785	E786	E787	E788																					
D198	E789	E790	E791	E792																					
D199	E793	E794	E795	E796																					
D200	E797	E798	E799	E800																					
D201	E801	E802	E803	E804																					
D202	E805	E806	E807	E808																					
D203	E809	E810	E811	E812																					
D204	E813	E814	E815	E816																					
D205	E817	E818	E819	E820																					
D206	E821	E822	E823	E824																					
D207	E825	E826	E827	E828																					
D208	E829	E830	E831	E832																					
D209	E833	E834	E835	E836																					
D210	E837	E838	E839	E840																					
D211	E841	E842	E843	E844																					
D212	E845	E846	E847	E848																					
D213	E849	E850	E851	E852																					
D214	E853	E854	E855	E856																					
D215	E857	E858	E859	E860																					
D216	E861	E862	E863	E864																					
D217	E865	E866	E867	E868																					
D218	E869	E870	E871	E872																					
D219	E873	E874	E875	E876																					
D220	E877	E878	E879	E880																					
D221	E881	E882	E883	E884																					
D222	E885	E886	E887	E888																					
D223	E889	E890	E891	E892																					
D224	E893	E894	E895	E896																					
D225	E897	E898	E899	E900																					
D226	E901	E902	E903	E904																					
D227	E905	E906	E907	E908																					
D228	E909	E910	E911	E912																					
D229	E913	E914	E915	E916																					
D230	E917	E918	E919	E920																					
D231	E921	E922	E923	E924																					
D232	E925	E926	E927	E928																					
D233	E929	E930	E931	E932																					
D234	E933	E934	E935	E936																					
D235	E937	E938	E939	E940																					
D236	E941	E942	E943	E944																					
D237	E945	E946	E947	E948																					
D238	E949	E950	E951	E952																					
D239	E953	E954	E955	E956																					
D240	E957	E958	E959	E960																					
D241	E961	E962	E963	E964																					
D242	E965	E966	E967	E968																					
D243	E969	E970	E971	E972																					
D244	E973	E974	E975	E976																					
D245	E977	E978	E979	E980																					
D246	E981	E982	E983	E984																					
D247	E985	E986	E987	E988																					
D248	E989	E990	E991	E992																					
D249	E993	E994	E995	E996																					
D250	E997	E998	E999	E1000																					
D251	E1001	E1002	E1003	E1004																					
D252	E1005	E1006	E1007	E1008																					
D253	E1009	E1010	E1011	E1012																					
D254	E1013	E1014	E1015	E1016																					
D255	E1017	E1018	E1019	E1020																					
D256	E1021	E1022	E1023	E1024																					
																									
E01	F01	F02	F03	F04																					
E02	F05	F06	F07	F08																					
E03	F09	F10	F11	F12																					
E04	F13	F14	F15	F16																					
E05	F17	F18	F19	F20																					
E06	F21	F22	F23	F24																					
E07	F25	F26	F27	F28																					
E08	F29	F30	F31	F32																					
E09	F33	F34	F35	F36																					
E10	F37	F38	F39	F40																					
E11	F41	F42	F43	F44																					
E12	F45	F46	F47	F48																					
E13	F49	F50	F51	F52																					
E14	F53	F54	F55	F56																					
E15	F57	F58	F59	F60																					
E16	F61	F62	F63	F64																					
E17	F65	F66	F67	F68																					
E18	F69	F70	F71	F72																					
E19	F73	F74	F75	F76																					
E20	F77	F78	F79	F80																					
E21	F81	F82	F83	F84																					
E22	F85	F86	F87	F88																					
E23	F89	F90	F91	F92																					
E24	F93	F94	F95	F96																					
E25	F97	F98	F99	F100																					
E26	F101	F102	F103	F104																					
E27	F105	F106	F107	F108																					
E28	F109	F110	F111	F112																					
E29	F113	F114	F115	F116																					
E30	F117	F118	F119	F120																					
E31	F121	F122	F123	F124																					
E32	F125	F126	F127	F128																					
E33	F129	F130	F131	F132																					
E34	F133	F134	F135	F136																					
E35	F137	F138	F139	F140																					
E36	F141	F142	F143	F144																					
E37	F145	F146	F147	F148																					
E38	F149	F150	F151	F152																					
E39	F153	F154	F155	F156																					
E40	F157	F158	F159	F160																					
E41	F161	F162	F163	F164																					
E42	F165	F166	F167	F168																					
E43	F169	F170	F171	F172																					
E44	F173	F174	F175	F176																					
E45	F177	F178	F179	F180																					
E46	F181	F182	F183	F184																					
E47	F185	F186	F187	F188																					
E48	F189	F190	F191	F192																					
E49	F193	F194	F195	F196																					
E50	F197	F198	F199	F200																					
E51	F201	F202	F203	F204																					
E52	F205	F206	F207	F208																					
E53	F209	F210	F211	F212																					
E54	F213	F214	F215	F216																					
E55	F217	F218	F219	F220																					
E56	F221	F222	F223	F224																					
E57	F225	F226	F227	F228																					
E58	F229	F230	F231	F232																					
E59	F233	F234	F235	F236																					
E60	F237	F238	F239	F240																					
E61	F241	F242	F243	F244																					
E62	F245	F246	F247	F248																					
E63	F249	F250	F251	F252																					
E64	F253	F254	F255	F256																					
E65	F257	F258	F259	F260																					
E66	F261	F262	F263	F264																					
E67	F265	F266	F267	F268																					
E68	F269	F270	F271	F272																					
E69	F273	F274	F275	F276																					
E70	F277	F278	F279	F280																					
E71	F281	F282	F283	F284																					
E72	F285	F286	F287	F288																					
E73	F289	F290	F291	F292																					
E74	F293	F294	F295	F296																					
E75	F297	F298	F299	F300																					
E76	F301	F302	F303	F304																					
E77	F305	F306	F307	F308																					
E78	F309	F310	F311	F312																					
E79	F313	F314	F315	F316																					
E80	F317	F318	F319	F320																					
E81	F321	F322	F323	F324																					
E82	F325	F326	F327	F328																					
E83	F329	F330	F331	F332																					
E84	F333	F334	F335	F336																					
E85	F337	F338	F339	F340																					
E86	F341	F342	F343	F344																					
E87	F345	F346	F347	F348																					
E88	F349	F350	F351	F352																					
E89	F353	F354	F355	F356																					
E90	F357	F358	F359	F360																					
E91	F361	F362	F363	F364																					
E92	F365	F366	F367	F368																					
E93	F369	F370	F371	F372																					
E94	F373	F374	F375	F376																					
E95	F377	F378	F379	F380																					
E96	F381	F382	F383	F384																					
E97	F385	F386	F387	F388																					
E98	F389	F390	F391	F392																					
E99	F393	F394	F395	F396																					
E100	F397	F398	F399	F400																					
E101	F401	F402	F403	F404																					
E102	F405	F406	F407	F408																					
E103	F409	F410	F411	F412																					
E104	F413	F414	F415	F416																					
E105	F417	F418	F419	F420																					
E106	F421	F422	F423	F424																					
E107	F425	F426	F427	F428																					
E108	F429	F430	F431	F432																					
E109	F433	F434	F435	F436																					
E110	F437	F438	F439	F440																					
E111	F441	F442	F443	F444																					
E112	F445	F446	F447	F448																					
E113	F449	F450	F451	F452																					
E114	F453	F454	F455	F456																					
E115	F457	F458	F459	F460																					
E116	F461	F462	F463	F464																					
E117	F465	F466	F467	F468																					
E118	F469	F470	F471	F472																					
E119	F473	F474	F475	F476																					
E120	F477	F478	F479	F480																					
E121	F481	F482	F483	F484																					
E122	F485	F486	F487	F488																					
E123	F489	F490	F491	F492																					
E124	F493	F494	F495	F496																					
E125	F497	F498	F499	F500																					
E126	F501	F502	F503	F504																					
E127	F505	F506	F507	F508																					
E128	F509	F510	F511	F512																					
E129	F513	F514	F515	F516																					
E130	F517	F518	F519	F520																					
E131	F521	F522	F523	F524																					
E132	F525	F526	F527	F528																					
E133	F529	F530	F531	F532																					
E134	F533	F534	F535	F536																					
E135	F537	F538	F539	F540																					
E136	F541	F542	F543	F544																					
E137	F545	F546	F547	F548																					
E138	F549	F550	F551	F552																					
E139	F553	F554	F555	F556																					
E140	F557	F558	F559	F560																					
E141	F561	F562	F563	F564																					
E142	F565	F566	F567	F568																					
E143	F569	F570	F571	F572																					
E144	F573	F574	F575	F576																					
E145	F577	F578	F579	F580																					
E146	F581	F582	F583	F584																					
E147	F585	F586	F587	F588																					
E148	F589	F590	F591	F592																					
E149	F593	F594	F595	F596																					
E150	F597	F598	F599	F600																					
E151	F601	F602	F603	F604																					
E152	F605	F606	F607	F608																					
E153	F609	F610	F611	F612																					
E154	F613	F614	F615	F616																					
E155	F617	F618	F619	F620																					
E156	F621	F622	F623	F624																					
E157	F625	F626	F627	F628																					
E158	F629	F630	F631	F632																					
E159	F633	F634	F635	F636																					
E160	F637	F638	F639	F640																					
E161	F641	F642	F643	F644																					
E162	F645	F646	F647	F648																					
E163	F649	F650	F651	F652																					
E164	F653	F654	F655	F656																					
E165	F657	F658	F659	F660																					
E166	F661	F662	F663	F664																					
E167	F665	F666	F667	F668																					
E168	F669	F670	F671	F672																					
E169	F673	F674	F675	F676																					
E170	F677	F678	F679	F680																					
E171	F681	F682	F683	F684																					
E172	F685	F686	F687	F688																					
E173	F689	F690	F691	F692																					
E174	F693	F694	F695	F696																					
E175	F697	F698	F699	F700																					
E176	F701	F702	F703	F704																					
E177	F705	F706	F707	F708																					
E178	F709	F710	F711	F712																					
E179	F713	F714	F715	F716																					
E180	F717	F718	F719	F720																					
E181	F721	F722	F723	F724																					
E182	F725	F726	F727	F728																					
E183	F729	F730	F731	F732																					
E184	F733	F734	F735	F736																					
E185	F737	F738	F739	F740																					
E186	F741	F742	F743	F744																					
E187	F745	F746	F747	F748																					
E188	F749	F750	F751	F752																					
E189	F753	F754	F755	F756																					
E190	F757	F758	F759	F760																					
E191	F761	F762	F763	F764																					
E192	F765	F766	F767	F768																					
E193	F769	F770	F771	F772																					
E194	F773	F774	F775	F776																					
E195	F777	F778	F779	F780																					
E196	F781	F782	F783	F784																					
E197	F785	F786	F787	F788																					
E198	F789	F790	F791	F792																					
E199	F793	F794	F795	F796																					
E200	F797	F798	F799	F800																					
E201	F801	F802	F803	F804																					
E202	F805	F806	F807	F808																					
E203	F809	F810	F811	F812																					
E204	F813	F814	F815	F816																					
E205	F817	F818	F819	F820																					
E206	F821	F822	F823	F824																					
E207	F825	F826	F827	F828																					
E208	F829	F830	F831	F832																					
E209	F833	F834	F835	F836																					
E210	F837	F838	F839	F840																					
E211	F841	F842	F843	F844																					
E212	F845	F846	F847	F848																					
E213	F849	F850	F851	F852																					
E214	F853	F854	F855	F856																					
E215	F857	F858	F859	F860																					
E216	F861	F862	F863	F864																					
E217	F865	F866	F867	F868																					
E218	F869	F870	F871	F872																					
E219	F873	F874	F875	F876																					
E220	F877	F878	F879	F880																					
E221	F881	F882	F883	F884																					
E222	F885	F886	F887	F888																					
E223	F889	F890	F891	F892																					
E224	F893	F894	F895	F896																					
E225	F897	F898	F899	F900																					
E226	F901	F902	F903	F904																					
E227	F905	F906	F907	F908																					
E228	F909	F910	F911	F912																					
E229	F913	F914	F915	F916																					
E230	F917	F918	F919	F920																					
E231	F921	F922	F923	F924																					
E232	F925	F926	F927	F928																					
E233	F929	F930	F931	F932																					
E234	F933	F934	F935	F936																					
E235	F937	F938	F939	F940																					
E236	F941	F942	F943	F944																					
E237	F945	F946	F947	F948																					
E238	F949	F950	F951	F952																					
E239	F953	F954	F955	F956																					
E240	F957	F958	F959	F960																					
E241	F961	F962	F963	F964																					
E242	F965	F966	F967	F968																					
E243	F969	F970	F971	F972																					
E244	F973	F974	F975	F976																					
E245	F977	F978	F979	F980																					
E246	F981	F982	F983	F984																					
E247	F985	F986	F987	F988																					
E248	F989	F990	F991	F992																					
E249	F993	F994	F995	F996																					
E250	F997	F998	F999	F1000																					
E251	F1001	F1002	F1003	F1004																					
E252	F1005	F1006	F1007	F1008																					
E253	F1009	F1010	F1011	F1012																					
E254	F1013	F1014	F1015	F1016																					
E255	F1017	F1018	F1019	F1020																					
E256	F1021	F1022	F1023	F1024																					
E257	F1025	F1026	F1027	F1028																					
E258	F1029	F1030	F1031	F1032																					
E259	F1033	F1034	F1035	F1036																					
E260	F1037	F1038	F1039	F1040																					
E261	F1041	F1042	F1043	F1044																					
E262	F1045	F1046	F1047	F1048																					
E263	F1049	F1050	F1051	F1052																					
E264	F1053	F1054	F1055	F1056																					
E265	F1057	F1058	F1059	F1060																					
E266	F1061	F1062	F1063	F1064																					
E267	F1065	F1066	F1067	F1068																					
E268	F1069	F1070	F1071	F1072																					
E269	F1073	F1074	F1075	F1076																					
E270	F1077	F1078	F1079	F1080																					
E271	F1081	F1082	F1083	F1084																					
E272	F1085	F1086	F1087	F1088																					
E273	F1089	F1090	F1091	F1092																					
E274	F1093	F1094	F1095	F1096																					
E275	F1097	F1098	F1099	F1100																					
E276	F1101	F1102	F1103	F1104																					
E277	F1105	F1106	F1107	F1108																					
E278	F1109	F1110	F1111	F1112																					
E279	F1113	F1114	F1115	F1116																					
E280	F1117	F1118	F1119	F1120																					
E281	F1121	F1122	F1123	F1124																					
E282	F1125	F1126	F1127	F1128																					
E283	F1129	F1130	F1131	F1132																					
E284	F1133	F1134	F1135	F1136																					
E285	F1137	F1138	F1139	F1140																					
E286	F1141	F1142	F1143	F1144																					
E287	F1145	F1146	F1147	F1148																					
E288	F1149	F1150	F1151	F1152																					
E289	F1153	F1154	F1155	F1156																					
E290	F1157	F1158	F1159	F1160																					
E291	F1161	F1162	F1163	F1164																					
E292	F1165	F1166	F1167	F1168																					
E293	F1169	F1170	F1171	F1172																					
E294	F1173	F1174	F1175	F1176																					
E295	F1177	F1178	F1179	F1180																					
E296	F1181	F1182	F1183	F1184																					
E297	F1185	F1186	F1187	F1188																					
E298	F1189	F1190	F1191	F1192																					
E299	F1193	F1194	F1195	F1196																					
E300	F1197	F1198	F1199	F1200																					
E301	F1201	F1202	F1203	F1204																					
E302	F1205	F1206	F1207	F1208																					
E303	F1209	F1210	F1211	F1212																					
E304	F1213	F1214	F1215	F1216																					
E305	F1217	F1218	F1219	F1220																					
E306	F1221	F1222	F1223	F1224																					
E307	F1225	F1226	F1227	F1228																					
E308	F1229	F1230	F1231	F1232																					
E309	F1233	F1234	F1235	F1236																					
E310	F1237	F1238	F1239	F1240																					
E311	F1241	F1242	F1243	F1244																					
E312	F1245	F1246	F1247	F1248																					
E313	F1249	F1250	F1251	F1252																					
E314	F1253	F1254	F1255	F1256																					
E315	F1257	F1258	F1259	F1260																					
E316	F1261	F1262	F1263	F1264																					
E317	F1265	F1266	F1267	F1268																					
E318	F1269	F1270	F1271	F1272																					
E319	F1273	F1274	F1275	F1276																					
E320	F1277	F1278	F1279	F1280																					
E321	F1281	F1282	F1283	F1284																					
E322	F1285	F1286	F1287	F1288																					
E323	F1289	F1290	F1291	F1292																					
E324	F1293	F1294	F1295	F1296																					
E325	F1297	F1298	F1299	F1300																					
E326	F1301	F1302	F1303	F1304																					
E327	F1305	F1306	F1307	F1308																					
E328	F1309	F1310	F1311	F1312																					
E329	F1313	F1314	F1315	F1316																					
E330	F1317	F1318	F1319	F1320																					
E331	F1321	F1322	F1323	F1324																					
E332	F1325	F1326	F1327	F1328																					
E333	F1329	F1330	F1331	F1332																					
E334	F1333	F1334	F1335	F1336																					
E335	F1337	F1338	F1339	F1340																					
E336	F1341	F1342	F1343	F1344																					
E337	F1345	F1346	F1347	F1348																					
E338	F1349	F1350	F1351	F1352																					
E339	F1353	F1354	F1355	F1356																					
E340	F1357	F1358	F1359	F1360																					
E341	F1361	F1362	F1363	F1364																					
E342	F1365	F1366	F1367	F1368																					
E343	F1369	F1370	F1371	F1372																					
E344	F1373	F1374	F1375	F1376																					
E345	F1377	F1378	F1379	F1380																					
E346	F1381	F1382	F1383	F1384																					
E347	F1385	F1386	F1387	F1388																					
E348	F1389	F1390	F1391	F1392																					
E349	F1393	F1394	F1395	F1396																					
E350	F1397	F1398	F1399	F1400																					
E351	F1401	F1402	F1403	F1404																					
E352	F1405	F1406	F1407	F1408																					
E353	F1409	F1410	F1411	F1412																					
E354	F1413	F1414	F1415	F1416																					
E355	F1417	F1418	F1419	F1420																					
E356	F1421	F1422	F1423	F1424																					
E357	F1425	F1426	F1427	F1428																					
E358	F1429	F1430	F1431	F1432																					
E359	F1433	F1434	F1435	F1436																					
E360	F1437	F1438	F1439	F1440																					
E361	F1441	F1442	F1443	F1444																					
E362	F1445	F1446	F1447	F1448																					
E363	F1449	F1450	F1451	F1452																					
E364	F1453	F1454	F1455	F1456																					
E365	F1457	F1458	F1459	F1460																					
E366	F1461	F1462	F1463	F1464																					
E367	F1465	F1466	F1467	F1468																					
E368	F1469	F1470	F1471	F1472																					
E369	F1473	F1474	F1475	F1476																					
E370	F1477	F1478	F1479	F1480																					
E371	F1481	F1482	F1483	F1484																					
E372	F1485	F1486	F1487	F1488																					
E373	F1489	F1490	F1491	F1492																					
E374	F1493	F1494	F1495	F1496																					
E375	F1497	F1498	F1499	F1500																					
E376	F1501	F1502	F1503	F1504																					
E377	F1505	F1506	F1507	F1508																					
E378	F1509	F1510	F1511	F1512																					
E379	F1513	F1514	F1515	F1516																					
E380	F1517	F1518	F1519	F1520																					
E381	F1521	F1522	F1523	F1524																					
E382	F1525	F1526	F1527	F1528																					
E383	F1529	F1530	F1531	F1532																					
E384	F1533	F1534	F1535	F1536																					
E385	F1537	F1538	F1539	F1540																					
E386	F1541	F1542	F1543	F1544																					
E387	F1545	F1546	F1547	F1548																					
E388	F1549	F1550	F1551	F1552																					
E389	F1553	F1554	F1555	F1556																					
E390	F1557	F1558	F1559	F1560																					
E391	F1561	F1562	F1563	F1564																					
E392	F1565	F1566	F1567	F1568																					
E393	F1569	F1570	F1571	F1572																					
E394	F1573	F1574	F1575	F1576																					
E395	F1577	F1578	F1579	F1580																					
E396	F1581	F1582	F1583	F1584																					
E397	F1585	F1586	F1587	F1588																					
E398	F1589	F1590	F1591	F1592																					
E399	F1593	F1594	F1595	F1596																					
E400	F1597	F1598	F1599	F1600																					
E401	F1601	F1602	F1603	F1604																					
E402	F1605	F1606	F1607	F1608																					
E403	F1609	F1610	F1611	F1612																					
E404	F1613	F1614	F1615	F1616																					
E405	F1617	F1618	F1619	F1620																					
E406	F1621	F1622	F1623	F1624																					
E407	F1625	F1626	F1627	F1628																					
E408	F1629	F1630	F1631	F1632																					
E409	F1633	F1634	F1635	F1636																					
E410	F1637	F1638	F1639	F1640																					
E411	F1641	F1642	F1643	F1644																					
E412	F1645	F1646	F1647	F1648																					
E413	F1649	F1650	F1651	F1652																					
E414	F1653	F1654	F1655	F1656																					
E415	F1657	F1658	F1659	F1660																					
E416	F1661	F1662	F1663	F1664																					
E417	F1665	F1666	F1667	F1668																					
E418	F1669	F1670	F1671	F1672																					
E419	F1673	F1674	F1675	F1676																					
E420	F1677	F1678	F1679	F1680																					
E421	F1681	F1682	F1683	F1684																					
E422	F1685	F1686	F1687	F1688																					
E423	F1689	F1690	F1691	F1692																					
E424	F1693	F1694	F1695	F1696																					
E425	F1697	F1698	F1699	F1700																					
E426	F1701	F1702	F1703	F1704																					
E427	F1705	F1706	F1707	F1708																					
E428	F1709	F1710	F1711	F1712																					
E429	F1713	F1714	F1715	F1716																					
E430	F1717	F1718	F1719	F1720																					
E431	F1721	F1722	F1723	F1724																					
E432	F1725	F1726	F1727	F1728																					
E433	F1729	F1730	F1731	F1732																					
E434	F1733	F1734	F1735	F1736																					
E435	F1737	F1738	F1739	F1740																					
E436	F1741	F1742	F1743	F1744																					
E437	F1745	F1746	F1747	F1748																					
E438	F1749	F1750	F1751	F1752																					
E439	F1753	F1754	F1755	F1756																					
E440	F1757	F1758	F1759	F1760																					
E441	F1761	F1762	F1763	F1764																					
E442	F1765	F1766	F1767	F1768																					
E443	F1769	F1770	F1771	F1772																					
E444	F1773	F1774	F1775	F1776																					
E445	F1777	F1778	F1779	F1780																					
E446	F1781	F1782	F1783	F1784																					
E447	F1785	F1786	F1787	F1788																					
E448	F1789	F1790	F1791	F1792																					
E449	F1793	F1794	F1795	F1796																					
E450	F1797	F1798	F1799	F1800																					
E451	F1801	F1802	F1803	F1804																					
E452	F1805	F1806	F1807	F1808																					
E453	F1809	F1810	F1811	F1812																					
E454	F1813	F1814	F1815	F1816																					
E455	F1817	F1818	F1819	F1820																					
E456	F1821	F1822	F1823	F1824																					
E457	F1825	F1826	F1827	F1828																					
E458	F1829	F1830	F1831	F1832																					
E459	F1833	F1834	F1835	F1836																					
E460	F1837	F1838	F1839	F1840																					
E461	F1841	F1842	F1843	F1844																					
E462	F1845	F1846	F1847	F1848																					
E463	F1849	F1850	F1851	F1852																					
E464	F1853	F1854	F1855	F1856																					
E465	F1857	F1858	F1859	F1860																					
E466	F1861	F1862	F1863	F1864																					
E467	F1865	F1866	F1867	F1868																					
E468	F1869	F1870	F1871	F1872																					
E469	F1873	F1874	F1875	F1876																					
E470	F1877	F1878	F1879	F1880																					
E471	F1881	F1882	F1883	F1884																					
E472	F1885	F1886	F1887	F1888																					
E473	F1889	F1890	F1891	F1892																					
E474	F1893	F1894	F1895	F1896																					
E475	F1897	F1898	F1899	F1900																					
E476	F1901	F1902	F1903	F1904																					
E477	F1905	F1906	F1907	F1908																					
E478	F1909	F1910	F1911	F1912																					
E479	F1913	F1914	F1915	F1916																					
E480	F1917	F1918	F1919	F1920																					
E481	F1921	F1922	F1923	F1924																					
E482	F1925	F1926	F1927	F1928																					
E483	F1929	F1930	F1931	F1932																					
E484	F1933	F1934	F1935	F1936																					
E485	F1937	F1938	F1939	F1940																					
E486	F1941	F1942	F1943	F1944																					
E487	F1945	F1946	F1947	F1948																					
E488	F1949	F1950	F1951	F1952																					
E489	F1953	F1954	F1955	F1956																					
E490	F1957	F1958	F1959	F1960																					
E491	F1961	F1962	F1963	F1964																					
E492	F1965	F1966	F1967	F1968																					
E493	F1969	F1970	F1971	F1972																					
E494	F1973	F1974	F1975	F1976																					
E495	F1977	F1978	F1979	F1980																					
E496	F1981	F1982	F1983	F1984																					
E497	F1985	F1986	F1987	F1988																					
E498	F1989	F1990	F1991	F1992																					
E499	F1993	F1994	F1995	F1996																					
E500	F1997	F1998	F1999	F2000																					
E501	F2001	F2002	F2003	F2004																					
E502	F2005	F2006	F2007	F2008																					
E503	F2009	F2010	F2011	F2012																					
E504	F2013	F2014	F2015	F2016																					
E505	F2017	F2018	F2019	F2020																					
E506	F2021	F2022	F2023	F2024																					
E507	F2025	F2026	F2027	F2028																					
E508	F2029	F2030	F2031	F2032																					
E509	F2033	F2034	F2035	F2036																					
E510	F2037	F2038	F2039	F2040																					
E511	F2041	F2042	F2043	F2044																					
E512	F2045	F2046	F2047	F2048																					
E513	F2049	F2050	F2051	F2052																					
E514	F2053	F2054	F2055	F2056																					
E515	F2057	F2058	F2059	F2060																					
E516	F2061	F2062	F2063	F2064																					
E517	F2065	F2066	F2067	F2068																					
E518	F2069	F2070	F2071	F2072																					
E519	F2073	F2074	F2075	F2076																					
E520	F2077	F2078	F2079	F2080																					
E521	F2081	F2082	F2083	F2084																					
E522	F2085	F2086	F2087	F2088																					
E523	F2089	F2090	F2091	F2092																					
E524	F2093	F2094	F2095	F2096																					
E525	F2097	F2098	F2099	F2100																					
E526	F2101	F2102	F2103	F2104																					
E527	F2105	F2106	F2107	F2108																					
E528	F2109	F2110	F2111	F2112																					
E529	F2113	F2114	F2115	F2116																					
E530	F2117	F2118	F2119	F2120																					
E531	F2121	F2122	F2123	F2124																					
E532	F2125	F2126	F2127	F2128																					
E533	F2129	F2130	F2131	F2132																					
E534	F2133	F2134	F2135	F2136																					
E535	F2137	F2138	F2139	F2140																					
E536	F2141	F2142	F2143	F2144																					
E537	F2145	F2146	F2147	F2148																					
E538	F2149	F2150	F2151	F2152																					
E539	F2153	F2154	F2155	F2156																					
E540	F2157	F2158	F2159	F2160																					
E541	F2161	F2162	F2163	F2164																					
E542	F2165	F2166	F2167	F2168																					
E543	F2169	F2170	F2171	F2172																					
E544	F2173	F2174	F2175	F2176																					
E545	F2177	F2178	F2179	F2180																					
E546	F2181	F2182	F2183	F2184																					
E547	F2185	F2186	F2187	F2188																					
E548	F2189	F2190	F2191	F2192																					
E549	F2193	F2194	F2195	F2196																					
E550	F2197	F2198	F2199	F2200																					
E551	F2201	F2202	F2203	F2204																					
E552	F2205	F2206	F2207	F2208																					
E553	F2209	F2210	F2211	F2212																					
E554	F2213	F2214	F2215	F2216																					
E555	F2217	F2218	F2219	F2220																					
E556	F2221	F2222	F2223	F2224																					
E557	F2225	F2226	F2227	F2228																					
E558	F2229	F2230	F2231	F2232																					
E559	F2233	F2234	F2235	F2236																					
E560	F2237	F2238	F2239	F2240																					
E561	F2241	F2242	F2243	F2244																					
E562	F2245	F2246	F2247	F2248																					
E563	F2249	F2250	F2251	F2252																					
E564	F2253	F2254	F2255	F2256																					
E565	F2257	F2258	F2259	F2260																					
E566	F2261	F2262	F2263	F2264																					
E567	F2265	F2266	F2267	F2268																					
E568	F2269	F2270	F2271	F2272																					
E569	F2273	F2274	F2275	F2276																					
E570	F2277	F2278	F2279	F2280																					
E571	F2281	F2282	F2283	F2284																					
E572	F2285	F2286	F2287	F2288																					
E573	F2289	F2290	F2291	F2292																					
E574	F2293	F2294	F2295	F2296																					
E575	F2297	F2298	F2299	F2300																					
E576	F2301	F2302	F2303	F2304																					
E577	F2305	F2306	F2307	F2308																					
E578	F2309	F2310	F2311	F2312																					
E579	F2313	F2314	F2315	F2316																					
E580	F2317	F2318	F2319	F2320																					
E581	F2321	F2322	F2323	F2324																					
E582	F2325	F2326	F2327	F2328																					
E583	F2329	F2330	F2331	F2332																					
E584	F2333	F2334	F2335	F2336																					
E585	F2337	F2338	F2339	F2340																					
E586	F2341	F2342	F2343	F2344																					
E587	F2345	F2346	F2347	F2348																					
E588	F2349	F2350	F2351	F2352																					
E589	F2353	F2354	F2355	F2356																					
E590	F2357	F2358	F2359	F2360																					
E591	F2361	F2362	F2363	F2364																					
E592	F2365	F2366	F2367	F2368																					
E593	F2369	F2370	F2371	F2372																					
E594	F2373	F2374	F2375	F2376																					
E595	F2377	F2378	F2379	F2380																					
E596	F2381	F2382	F2383	F2384																					
E597	F2385	F2386	F2387	F2388																					
E598	F2389	F2390	F2391	F2392																					
E599	F2393	F2394	F2395	F2396																					
E600	F2397	F2398	F2399	F2400																					
E601	F2401	F2402	F2403	F2404																					
E602	F2405	F2406	F2407	F2408																					
E603	F2409	F2410	F2411	F2412																					
E604	F2413	F2414	F2415	F2416																					
E605	F2417	F2418	F2419	F2420																					
E606	F2421	F2422	F2423	F2424																					
E607	F2425	F2426	F2427	F2428																					
E608	F2429	F2430	F2431	F2432																					
E609	F2433	F2434	F2435	F2436																					
E610	F2437	F2438	F2439	F2440																					
E611	F2441	F2442	F2443	F2444																					
E612	F2445	F2446	F2447	F2448																					
E613	F2449	F2450	F2451	F2452																					
E614	F2453	F2454	F2455	F2456																					
E615	F2457	F2458	F2459	F2460																					
E616	F2461	F2462	F2463	F2464																					
E617	F2465	F2466	F2467	F2468																					
E618	F2469	F2470	F2471	F2472																					
E619	F2473	F2474	F2475	F2476																					
E620	F2477	F2478	F2479	F2480																					
E621	F2481	F2482	F2483	F2484																					
E622	F2485	F2486	F2487	F2488																					
E623	F2489	F2490	F2491	F2492																					
E624	F2493	F2494	F2495	F2496																					
E625	F2497	F2498	F2499	F2500																					
E626	F2501	F2502	F2503	F2504																					
E627	F2505	F2506	F2507	F2508																					
E628	F2509	F2510	F2511	F2512																					
E629	F2513	F2514	F2515	F2516																					
E630	F2517	F2518	F2519	F2520																					
E631	F2521	F2522	F2523	F2524																					
E632	F2525	F2526	F2527	F2528																					
E633	F2529	F2530	F2531	F2532																					
E634	F2533	F2534	F2535	F2536																					
E635	F2537	F2538	F2539	F2540																					
E636	F2541	F2542	F2543	F2544																					
E637	F2545	F2546	F2547	F2548																					
E638	F2549	F2550	F2551	F2552																					
E639	F2553	F2554	F2555	F2556																					
E640	F2557	F2558	F2559	F2560																					
E641	F2561	F2562	F2563	F2564																					
E642	F2565	F2566	F2567	F2568																					
E643	F2569	F2570	F2571	F2572																					
E644	F2573	F2574	F2575	F2576																					
E645	F2577	F2578	F2579	F2580																					
E646	F2581	F2582	F2583	F2584																					
E647	F2585	F2586	F2587	F2588																					
E648	F2589	F2590	F2591	F2592																					
E649	F2593	F2594	F2595	F2596																					
E650	F2597	F2598	F2599	F2600																					
E651	F2601	F2602	F2603	F2604																					
E652	F2605	F2606	F2607	F2608																					
E653	F2609	F2610	F2611	F2612																					
E654	F2613	F2614	F2615	F2616																					
E655	F2617	F2618	F2619	F2620																					
E656	F2621	F2622	F2623	F2624																					
E657	F2625	F2626	F2627	F2628																					
E658	F2629	F2630	F2631	F2632																					
E659	F2633	F2634	F2635	F2636																					
E660	F2637	F2638	F2639	F2640																					
E661	F2641	F2642	F2643	F2644																					
E662	F2645	F2646	F2647	F2648																					
E663	F2649	F2650	F2651	F2652																					
E664	F2653	F2654	F2655	F2656																					
E665	F2657	F2658	F2659	F2660																					
E666	F2661	F2662	F2663	F2664																					
E667	F2665	F2666	F2667	F2668																					
E668	F2669	F2670	F2671	F2672																					
E669	F2673	F2674	F2675	F2676																					
E670	F2677	F2678	F2679	F2680																					
E671	F2681	F2682	F2683	F2684																					
E672	F2685	F2686	F2687	F2688																					
E673	F2689	F2690	F2691	F2692																					
E674	F2693	F2694	F2695	F2696																					
E675	F2697	F2698	F2699	F2700																					
E676	F2701	F2702	F2703	F2704																					
E677	F2705	F2706	F2707	F2708																					
E678	F2709	F2710	F2711	F2712																					
E679	F2713	F2714	F2715	F2716																					
E680	F2717	F2718	F2719	F2720																					
E681	F2721	F2722	F2723	F2724																					
E682	F2725	F2726	F2727	F2728																					
E683	F2729	F2730	F2731	F2732																					
E684	F2733	F2734	F2735	F2736																					
E685	F2737	F2738	F2739	F2740																					
E686	F2741	F2742	F2743	F2744																					
E687	F2745	F2746	F2747	F2748																					
E688	F2749	F2750	F2751	F2752																					
E689	F2753	F2754	F2755	F2756																					
E690	F2757	F2758	F2759	F2760																					
E691	F2761	F2762	F2763	F2764																					
E692	F2765	F2766	F2767	F2768																					
E693	F2769	F2770	F2771	F2772																					
E694	F2773	F2774	F2775	F2776																					
E695	F2777	F2778	F2779	F2780																					
E696	F2781	F2782	F2783	F2784																					
E697	F2785	F2786	F2787	F2788																					
E698	F2789	F2790	F2791	F2792																					
E699	F2793	F2794	F2795	F2796																					
E700	F2797	F2798	F2799	F2800																					
E701	F2801	F2802	F2803	F2804																					
E702	F2805	F2806	F2807	F2808																					
E703	F2809	F2810	F2811	F2812																					
E704	F2813	F2814	F2815	F2816																					
E705	F2817	F2818	F2819	F2820																					
E706	F2821	F2822	F2823	F2824																					
E707	F2825	F2826	F2827	F2828																					
E708	F2829	F2830	F2831	F2832																					
E709	F2833	F2834	F2835	F2836																					
E710	F2837	F2838	F2839	F2840																					
E711	F2841	F2842	F2843	F2844																					
E712	F2845	F2846	F2847	F2848																					
E713	F2849	F2850	F2851	F2852																					
E714	F2853	F2854	F2855	F2856																					
E715	F2857	F2858	F2859	F2860																					
E716	F2861	F2862	F2863	F2864																					
E717	F2865	F2866	F2867	F2868																					
E718	F2869	F2870	F2871	F2872																					
E719	F2873	F2874	F2875	F2876																					
E720	F2877	F2878	F2879	F2880																					
E721	F2881	F2882	F2883	F2884																					
E722	F2885	F2886	F2887	F2888																					
E723	F2889	F2890	F2891	F2892																					
E724	F2893	F2894	F2895	F2896																					
E725	F2897	F2898	F2899	F2900																					
E726	F2901	F2902	F2903	F2904																					
E727	F2905	F2906	F2907	F2908																					
E728	F2909	F2910	F2911	F2912																					
E729	F2913	F2914	F2915	F2916																					
E730	F2917	F2918	F2919	F2920																					
E731	F2921	F2922	F2923	F2924																					
E732	F2925	F2926	F2927	F2928																					
E733	F2929	F2930	F2931	F2932																					
E734	F2933	F2934	F2935	F2936																					
E735	F2937	F2938	F2939	F2940																					
E736	F2941	F2942	F2943	F2944																					
E737	F2945	F2946	F2947	F2948																					
E738	F2949	F2950	F2951	F2952																					
E739	F2953	F2954	F2955	F2956																					
E740	F2957	F2958	F2959	F2960																					
E741	F2961	F2962	F2963	F2964																					
E742	F2965	F2966	F2967	F2968																					
E743	F2969	F2970	F2971	F2972																					
E744	F2973	F2974	F2975	F2976																					
E745	F2977	F2978	F2979	F2980																					
E746	F2981	F2982	F2983	F2984																					
E747	F2985	F2986	F2987	F2988																					
E748	F2989	F2990	F2991	F2992																					
E749	F2993	F2994	F2995	F2996																					
E750	F2997	F2998	F2999	F3000																					
E751	F3001	F3002	F3003	F3004																					
E752	F3005	F3006	F3007	F3008																					
E753	F3009	F3010	F3011	F3012																					
E754	F3013	F3014	F3015	F3016																					
E755	F3017	F3018	F3019	F3020																					
E756	F3021	F3022	F3023	F3024																					
E757	F3025	F3026	F3027	F3028																					
E758	F3029	F3030	F3031	F3032																					
E759	F3033	F3034	F3035	F3036																					
E760	F3037	F3038	F3039	F3040																					
E761	F3041	F3042	F3043	F3044																					
E762	F3045	F3046	F3047	F3048																					
E763	F3049	F3050	F3051	F3052																					
E764	F3053	F3054	F3055	F3056																					
E765	F3057	F3058	F3059	F3060																					
E766	F3061	F3062	F3063	F3064																					
E767	F3065	F3066	F3067	F3068																					
E768	F3069	F3070	F3071	F3072																					
E769	F3073	F3074	F3075	F3076																					
E770	F3077	F3078	F3079	F3080																					
E771	F3081	F3082	F3083	F3084																					
E772	F3085	F3086	F3087	F3088																					
E773	F3089	F3090	F3091	F3092																					
E774	F3093	F3094	F3095	F3096																					
E775	F3097	F3098	F3099	F3100																					
E776	F3101	F3102	F3103	F3104																					
E777	F3105	F3106	F3107	F3108																					
E778	F3109	F3110	F3111	F3112																					
E779	F3113	F3114	F3115	F3116																					
E780	F3117	F3118	F3119	F3120																					
E781	F3121	F3122	F3123	F3124																					
E782	F3125	F3126	F3127	F3128																					
E783	F3129	F3130	F3131	F3132																					
E784	F3133	F3134	F3135	F3136																					
E785	F3137	F3138	F3139	F3140																					
E786	F3141	F3142	F3143	F3144																					
E787	F3145	F3146	F3147	F3148																					
E788	F3149	F3150	F3151	F3152																					
E789	F3153	F3154	F3155	F3156																					
E790	F3157	F3158	F3159	F3160																					
E791	F3161	F3162	F3163	F3164																					
E792	F3165	F3166	F3167	F3168																					
E793	F3169	F3170	F3171	F3172																					
E794	F3173	F3174	F3175	F3176																					
E795	F3177	F3178	F3179	F3180																					
E796	F3181	F3182	F3183	F3184																					
E797	F3185	F3186	F3187	F3188																					
E798	F3189	F3190	F3191	F3192																					
E799	F3193	F3194	F3195	F3196																					
E800	F3197	F3198	F3199	F3200																					
E801	F3201	F3202	F3203	F3204																					
E802	F3205	F3206	F3207	F3208																					
E803	F3209	F3210	F3211	F3212																					
E804	F3213	F3214	F3215	F3216																					
E805	F3217	F3218	F3219	F3220																					
E806	F3221	F3222	F3223	F3224																					
E807	F3225	F3226	F3227	F3228																					
E808	F3229	F3230	F3231	F3232																					
E809	F3233	F3234	F3235	F3236																					
E810	F3237	F3238	F3239	F3240																					
E811	F3241	F3242	F3243	F3244																					
E812	F3245	F3246	F3247	F3248																					
E813	F3249	F3250	F3251	F3252																					
E814	F3253	F3254	F3255	F3256																					
E815	F3257	F3258	F3259	F3260																					
E816	F3261	F3262	F3263	F3264																					
E817	F3265	F3266	F3267	F3268																					
E818	F3269	F3270	F3271	F3272																					
E819	F3273	F3274	F3275	F3276																					
E820	F3277	F3278	F3279	F3280																					
E821	F3281	F3282	F3283	F3284																					
E822	F3285	F3286	F3287	F3288																					
E823	F3289	F3290	F3291	F3292																					
E824	F3293	F3294	F3295	F3296																					
E825	F3297	F3298	F3299	F3300																					
E826	F3301	F3302	F3303	F3304																					
E827	F3305	F3306	F3307	F3308																					
E828	F3309	F3310	F3311	F3312																					
E829	F3313	F3314	F3315	F3316																					
E830	F3317	F3318	F3319	F3320																					
E831	F3321	F3322	F3323	F3324																					
E832	F3325	F3326	F3327	F3328																					
E833	F3329	F3330	F3331	F3332																					
E834	F3333	F3334	F3335	F3336																					
E835	F3337	F3338	F3339	F3340																					
E836	F3341	F3342	F3343	F3344																					
E837	F3345	F3346	F3347	F3348																					
E838	F3349	F3350	F3351	F3352																					
E839	F3353	F3354	F3355	F3356																					
E840	F3357	F3358	F3359	F3360																					
E841	F3361	F3362	F3363	F3364																					
E842	F3365	F3366	F3367	F3368																					
E843	F3369	F3370	F3371	F3372																					
E844	F3373	F3374	F3375	F3376																					
E845	F3377	F3378	F3379	F3380																					
E846	F3381	F3382	F3383	F3384																					
E847	F3385	F3386	F3387	F3388																					
E848	F3389	F3390	F3391	F3392																					
E849	F3393	F3394	F3395	F3396																					
E850	F3397	F3398	F3399	F3400																					
E851	F3401	F3402	F3403	F3404																					
E852	F3405	F3406	F3407	F3408																					
E853	F3409	F3410	F3411	F3412																					
E854	F3413	F3414	F3415	F3416																					
E855	F3417	F3418	F3419	F3420																					
E856	F3421	F3422	F3423	F3424																					
E857	F3425	F3426	F3427	F3428																					
E858	F3429	F3430	F3431	F3432																					
E859	F3433	F3434	F3435	F3436																					
E860	F3437	F3438	F3439	F3440																					
E861	F3441	F3442	F3443	F3444																					
E862	F3445	F3446	F3447	F3448																					
E863	F3449	F3450	F3451	F3452																					
E864	F3453	F3454	F3455	F3456																					
E865	F3457	F3458	F3459	F3460																					
E866	F3461	F3462	F3463	F3464																					
E867	F3465	F3466	F3467	F3468																					
E868	F3469	F3470	F3471	F3472																					
E869	F3473	F3474	F3475	F3476																					
E870	F3477	F3478	F3479	F3480																					
E871	F3481	F3482	F3483	F3484																					
E872	F3485	F3486	F3487	F3488																					
E873	F3489	F3490	F3491	F3492																					
E874	F3493	F3494	F3495	F3496																					
E875	F3497	F3498	F3499	F3500																					
E876	F3501	F3502	F3503	F3504																					
E877	F3505	F3506	F3507	F3508																					
E878	F3509	F3510	F3511	F3512																					
E879	F3513	F3514	F3515	F3516																					
E880	F3517	F3518	F3519	F3520																					
E881	F3521	F3522	F3523	F3524																					
E882	F3525	F3526	F3527	F3528																					
E883	F3529	F3530	F3531	F3532																					
E884	F3533	F3534	F3535	F3536																					
E885	F3537	F3538	F3539	F3540																					
E886	F3541	F3542	F3543	F3544																					
E887	F3545	F3546	F3547	F3548																					
E888	F3549	F3550	F3551	F3552																					
E889	F3553	F3554	F3555	F3556																					
E890	F3557	F3558	F3559	F3560																					
E891	F3561	F3562	F3563	F3564																					
E892	F3565	F3566	F3567	F3568																					
E893	F3569	F3570	F3571	F3572																					
E894	F3573	F3574	F3575	F3576																					
E895	F3577	F3578	F3579	F3580																					
E896	F3581	F3582	F3583	F3584																					
E897	F3585	F3586	F3587	F3588																					
E898	F3589	F3590	F3591	F3592																					
E899	F3593	F3594	F3595	F3596																					
E900	F3597	F3598	F3599	F3600																					
E901	F3601	F3602	F3603	F3604																					
E902	F3605	F3606	F3607	F3608																					
E903	F3609	F3610	F3611	F3612																					
E904	F3613	F3614	F3615	F3616																					
E905	F3617	F3618	F3619	F3620																					
E906	F3621	F3622	F3623	F3624																					
E907	F3625	F3626	F3627	F3628																					
E908	F3629	F3630	F3631	F3632																					
E909	F3633	F3634	F3635	F3636																					
E910	F3637	F3638	F3639	F3640																					
E911	F3641	F3642	F3643	F3644																					
E912	F3645	F3646	F3647	F3648																					
E913	F3649	F3650	F3651	F3652																					
E914	F3653	F3654	F3655	F3656																					
E915	F3657	F3658	F3659	F3660																					
E916	F3661	F3662	F3663	F3664																					
E917	F3665	F3666	F3667	F3668																					
E918	F3669	F3670	F3671	F3672																					
E919	F3673	F3674	F3675	F3676																					
E920	F3677	F3678	F3679	F3680																					
E921	F3681	F3682	F3683	F3684																					
E922	F3685	F3686	F3687	F3688																					
E923	F3689	F3690	F3691	F3692																					
E924	F3693	F3694	F3695	F3696																					
E925	F3697	F3698	F3699	F3700																					
E926	F3701	F3702	F3703	F3704																					
E927	F3705	F3706	F3707	F3708																					
E928	F3709	F3710	F3711	F3712																					
E929	F3713	F3714	F3715	F3716																					
E930	F3717	F3718	F3719	F3720																					
E931	F3721	F3722	F3723	F3724																					
E932	F3725	F3726	F3727	F3728																					
E933	F3729	F3730	F3731	F3732																					
E934	F3733	F3734	F3735	F3736																					
E935	F3737	F3738	F3739	F3740																					
E936	F3741	F3742	F3743	F3744																					
E937	F3745	F3746	F3747	F3748																					
E938	F3749	F3750	F3751	F3752																					
E939	F3753	F3754	F3755	F3756																					
E940	F3757	F3758	F3759	F3760																					
E941	F3761	F3762	F3763	F3764																					
E942	F3765	F3766	F3767	F3768																					
E943	F3769	F3770	F3771	F3772																					
E944	F3773	F3774	F3775	F3776																					
E945	F3777	F3778	F3779	F3780																					
E946	F3781	F3782	F3783	F3784																					
E947	F3785	F3786	F3787	F3788																					
E948	F3789	F3790	F3791	F3792																					
E949	F3793	F3794	F3795	F3796																					
E950	F3797	F3798	F3799	F3800																					
E951	F3801	F3802	F3803	F3804																					
E952	F3805	F3806	F3807	F3808																					
E953	F3809	F3810	F3811	F3812																					
E954	F3813	F3814	F3815	F3816																					
E955	F3817	F3818	F3819	F3820																					
E956	F3821	F3822	F3823	F3824																					
E957	F3825	F3826	F3827	F3828																					
E958	F3829	F3830	F3831	F3832																					
E959	F3833	F3834	F3835	F3836																					
E960	F3837	F3838	F3839	F3840																					
E961	F3841	F3842	F3843	F3844																					
E962	F3845	F3846	F3847	F3848																					
E963	F3849	F3850	F3851	F3852																					
E964	F3853	F3854	F3855	F3856																					
E965	F3857	F3858	F3859	F3860																					
E966	F3861	F3862	F3863	F3864																					
E967	F3865	F3866	F3867	F3868																					
E968	F3869	F3870	F3871	F3872																					
E969	F3873	F3874	F3875	F3876																					
E970	F3877	F3878	F3879	F3880																					
E971	F3881	F3882	F3883	F3884																					
E972	F3885	F3886	F3887	F3888																					
E973	F3889	F3890	F3891	F3892																					
E974	F3893	F3894	F3895	F3896																					
E975	F3897	F3898	F3899	F3900																					
E976	F3901	F3902	F3903	F3904																					
E977	F3905	F3906	F3907	F3908																					
E978	F3909	F3910	F3911	F3912																					
E979	F3913	F3914	F3915	F3916																					
E980	F3917	F3918	F3919	F3920																					
E981	F3921	F3922	F3923	F3924																					
E982	F3925	F3926	F3927	F3928																					
E983	F3929	F3930	F3931	F3932																					
E984	F3933	F3934	F3935	F3936																					
E985	F3937	F3938	F3939	F3940																					
E986	F3941	F3942	F3943	F3944																					
E987	F3945	F3946	F3947	F3948																					
E988	F3949	F3950	F3951	F3952																					
E989	F3953	F3954	F3955	F3956																					
E990	F3957	F3958	F3959	F3960																					
E991	F3961	F3962	F3963	F3964																					
E992	F3965	F3966	F3967	F3968																					
E993	F3969	F3970	F3971	F3972																					
E994	F3973	F3974	F3975	F3976																					
E995	F3977	F3978	F3979	F3980																					
E996	F3981	F3982	F3983	F3984																					
E997	F3985	F3986	F3987	F3988																					
E998	F3989	F3990	F3991	F3992																					
E999	F3993	F3994	F3995	F3996																					
E1000	F3997	F3998	F3999	F4000																					
E1001	F4001	F4002	F4003	F4004																					
E1002	F4005	F4006	F4007	F4008																					
E1003	F4009	F4010	F4011	F4012																					
E1004	F4013	F4014	F4015	F4016																					
E1005	F4017	F4018	F4019	F4020																					
E1006	F4021	F4022	F4023	F4024																					
E1007	F4025	F4026	F4027	F4028																					
E1008	F4029	F4030	F4031	F4032																					
E1009	F4033	F4034	F4035	F4036																					
E1010	F4037	F4038	F4039	F4040																					
E1011	F4041	F4042	F4043	F4044																					
E1012	F4045	F4046	F4047	F4048																					
E1013	F4049	F4050	F4051	F4052																					
E1014	F4053	F4054	F4055	F4056																					
E1015	F4057	F4058	F4059	F4060																					
E1016	F4061	F4062	F4063	F4064																					
E1017	F4065	F4066	F4067	F4068																					
E1018	F4069	F4070	F4071	F4072																					
E1019	F4073	F4074	F4075	F4076																					
E1020	F4077	F4078	F4079	F4080																					
E1021	F4081	F4082	F4083	F4084																					
E1022	F4085	F4086	F4087	F4088																					
E1023	F4089	F4090	F4091	F4092																					
E1024	F4093	F4094	F4095	F4096																					
																									
F01	G01	G02	G03	G04																					
F02	G05	G06	G07	G08																					
F03	G09	G10	G11	G12																					
F04	G13	G14	G15	G16																					
F05	G17	G18	G19	G20																					
F06	G21	G22	G23	G24																					
F07	G25	G26	G27	G28																					
F08	G29	G30	G31	G32																					
F09	G33	G34	G35	G36																					
F10	G37	G38	G39	G40																					
F11	G41	G42	G43	G44																					
F12	G45	G46	G47	G48																					
F13	G49	G50	G51	G52																					
F14	G53	G54	G55	G56																					
F15	G57	G58	G59	G60																					
F16	G61	G62	G63	G64																					
F17	G65	G66	G67	G68																					
F18	G69	G70	G71	G72																					
F19	G73	G74	G75	G76																					
F20	G77	G78	G79	G80																					
F21	G81	G82	G83	G84																					
F22	G85	G86	G87	G88																					
F23	G89	G90	G91	G92																					
F24	G93	G94	G95	G96																					
F25	G97	G98	G99	G100																					
F26	G101	G102	G103	G104																					
F27	G105	G106	G107	G108																					
F28	G109	G110	G111	G112																					
F29	G113	G114	G115	G116																					
F30	G117	G118	G119	G120																					
F31	G121	G122	G123	G124																					
F32	G125	G126	G127	G128																					
F33	G129	G130	G131	G132																					
F34	G133	G134	G135	G136																					
F35	G137	G138	G139	G140																					
F36	G141	G142	G143	G144																					
F37	G145	G146	G147	G148																					
F38	G149	G150	G151	G152																					
F39	G153	G154	G155	G156																					
F40	G157	G158	G159	G160																					
F41	G161	G162	G163	G164																					
F42	G165	G166	G167	G168																					
F43	G169	G170	G171	G172																					
F44	G173	G174	G175	G176																					
F45	G177	G178	G179	G180																					
F46	G181	G182	G183	G184																					
F47	G185	G186	G187	G188																					
F48	G189	G190	G191	G192																					
F49	G193	G194	G195	G196																					
F50	G197	G198	G199	G200																					
F51	G201	G202	G203	G204																					
F52	G205	G206	G207	G208																					
F53	G209	G210	G211	G212																					
F54	G213	G214	G215	G216																					
F55	G217	G218	G219	G220																					
F56	G221	G222	G223	G224																					
F57	G225	G226	G227	G228																					
F58	G229	G230	G231	G232																					
F59	G233	G234	G235	G236																					
F60	G237	G238	G239	G240																					
F61	G241	G242	G243	G244																					
F62	G245	G246	G247	G248																					
F63	G249	G250	G251	G252																					
F64	G253	G254	G255	G256																					
F65	G257	G258	G259	G260																					
F66	G261	G262	G263	G264																					
F67	G265	G266	G267	G268																					
F68	G269	G270	G271	G272																					
F69	G273	G274	G275	G276																					
F70	G277	G278	G279	G280																					
F71	G281	G282	G283	G284																					
F72	G285	G286	G287	G288																					
F73	G289	G290	G291	G292																					
F74	G293	G294	G295	G296																					
F75	G297	G298	G299	G300																					
F76	G301	G302	G303	G304																					
F77	G305	G306	G307	G308																					
F78	G309	G310	G311	G312																					
F79	G313	G314	G315	G316																					
F80	G317	G318	G319	G320																					
F81	G321	G322	G323	G324																					
F82	G325	G326	G327	G328																					
F83	G329	G330	G331	G332																					
F84	G333	G334	G335	G336																					
F85	G337	G338	G339	G340																					
F86	G341	G342	G343	G344																					
F87	G345	G346	G347	G348																					
F88	G349	G350	G351	G352																					
F89	G353	G354	G355	G356																					
F90	G357	G358	G359	G360																					
F91	G361	G362	G363	G364																					
F92	G365	G366	G367	G368																					
F93	G369	G370	G371	G372																					
F94	G373	G374	G375	G376																					
F95	G377	G378	G379	G380																					
F96	G381	G382	G383	G384																					
F97	G385	G386	G387	G388																					
F98	G389	G390	G391	G392																					
F99	G393	G394	G395	G396																					
F100	G397	G398	G399	G400																					
F101	G401	G402	G403	G404																					
F102	G405	G406	G407	G408																					
F103	G409	G410	G411	G412																					
F104	G413	G414	G415	G416																					
F105	G417	G418	G419	G420																					
F106	G421	G422	G423	G424																					
F107	G425	G426	G427	G428																					
F108	G429	G430	G431	G432																					
F109	G433	G434	G435	G436																					
F110	G437	G438	G439	G440																					
F111	G441	G442	G443	G444																					
F112	G445	G446	G447	G448																					
F113	G449	G450	G451	G452																					
F114	G453	G454	G455	G456																					
F115	G457	G458	G459	G460																					
F116	G461	G462	G463	G464																					
F117	G465	G466	G467	G468																					
F118	G469	G470	G471	G472																					
F119	G473	G474	G475	G476																					
F120	G477	G478	G479	G480																					
F121	G481	G482	G483	G484																					
F122	G485	G486	G487	G488																					
F123	G489	G490	G491	G492																					
F124	G493	G494	G495	G496																					
F125	G497	G498	G499	G500																					
F126	G501	G502	G503	G504																					
F127	G505	G506	G507	G508																					
F128	G509	G510	G511	G512																					
F129	G513	G514	G515	G516																					
F130	G517	G518	G519	G520																					
F131	G521	G522	G523	G524																					
F132	G525	G526	G527	G528																					
F133	G529	G530	G531	G532																					
F134	G533	G534	G535	G536																					
F135	G537	G538	G539	G540																					
F136	G541	G542	G543	G544																					
F137	G545	G546	G547	G548																					
F138	G549	G550	G551	G552																					
F139	G553	G554	G555	G556																					
F140	G557	G558	G559	G560																					
F141	G561	G562	G563	G564																					
F142	G565	G566	G567	G568																					
F143	G569	G570	G571	G572																					
F144	G573	G574	G575	G576																					
F145	G577	G578	G579	G580																					
F146	G581	G582	G583	G584																					
F147	G585	G586	G587	G588																					
F148	G589	G590	G591	G592																					
F149	G593	G594	G595	G596																					
F150	G597	G598	G599	G600																					
F151	G601	G602	G603	G604																					
F152	G605	G606	G607	G608																					
F153	G609	G610	G611	G612																					
F154	G613	G614	G615	G616																					
F155	G617	G618	G619	G620																					
F156	G621	G622	G623	G624																					
F157	G625	G626	G627	G628																					
F158	G629	G630	G631	G632																					
F159	G633	G634	G635	G636																					
F160	G637	G638	G639	G640																					
F161	G641	G642	G643	G644																					
F162	G645	G646	G647	G648																					
F163	G649	G650	G651	G652																					
F164	G653	G654	G655	G656																					
F165	G657	G658	G659	G660																					
F166	G661	G662	G663	G664																					
F167	G665	G666	G667	G668																					
F168	G669	G670	G671	G672																					
F169	G673	G674	G675	G676																					
F170	G677	G678	G679	G680																					
F171	G681	G682	G683	G684																					
F172	G685	G686	G687	G688																					
F173	G689	G690	G691	G692																					
F174	G693	G694	G695	G696																					
F175	G697	G698	G699	G700																					
F176	G701	G702	G703	G704																					
F177	G705	G706	G707	G708																					
F178	G709	G710	G711	G712																					
F179	G713	G714	G715	G716																					
F180	G717	G718	G719	G720																					
F181	G721	G722	G723	G724																					
F182	G725	G726	G727	G728																					
F183	G729	G730	G731	G732																					
F184	G733	G734	G735	G736																					
F185	G737	G738	G739	G740																					
F186	G741	G742	G743	G744																					
F187	G745	G746	G747	G748																					
F188	G749	G750	G751	G752																					
F189	G753	G754	G755	G756																					
F190	G757	G758	G759	G760																					
F191	G761	G762	G763	G764																					
F192	G765	G766	G767	G768																					
F193	G769	G770	G771	G772																					
F194	G773	G774	G775	G776																					
F195	G777	G778	G779	G780																					
F196	G781	G782	G783	G784																					
F197	G785	G786	G787	G788																					
F198	G789	G790	G791	G792																					
F199	G793	G794	G795	G796																					
F200	G797	G798	G799	G800																					
F201	G801	G802	G803	G804																					
F202	G805	G806	G807	G808																					
F203	G809	G810	G811	G812																					
F204	G813	G814	G815	G816																					
F205	G817	G818	G819	G820																					
F206	G821	G822	G823	G824																					
F207	G825	G826	G827	G828																					
F208	G829	G830	G831	G832																					
F209	G833	G834	G835	G836																					
F210	G837	G838	G839	G840																					
F211	G841	G842	G843	G844																					
F212	G845	G846	G847	G848																					
F213	G849	G850	G851	G852																					
F214	G853	G854	G855	G856																					
F215	G857	G858	G859	G860																					
F216	G861	G862	G863	G864																					
F217	G865	G866	G867	G868																					
F218	G869	G870	G871	G872																					
F219	G873	G874	G875	G876																					
F220	G877	G878	G879	G880																					
F221	G881	G882	G883	G884																					
F222	G885	G886	G887	G888																					
F223	G889	G890	G891	G892																					
F224	G893	G894	G895	G896																					
F225	G897	G898	G899	G900																					
F226	G901	G902	G903	G904																					
F227	G905	G906	G907	G908																					
F228	G909	G910	G911	G912																					
F229	G913	G914	G915	G916																					
F230	G917	G918	G919	G920																					
F231	G921	G922	G923	G924																					
F232	G925	G926	G927	G928																					
F233	G929	G930	G931	G932																					
F234	G933	G934	G935	G936																					
F235	G937	G938	G939	G940																					
F236	G941	G942	G943	G944																					
F237	G945	G946	G947	G948																					
F238	G949	G950	G951	G952																					
F239	G953	G954	G955	G956																					
F240	G957	G958	G959	G960																					
F241	G961	G962	G963	G964																					
F242	G965	G966	G967	G968																					
F243	G969	G970	G971	G972																					
F244	G973	G974	G975	G976																					
F245	G977	G978	G979	G980																					
F246	G981	G982	G983	G984																					
F247	G985	G986	G987	G988																					
F248	G989	G990	G991	G992																					
F249	G993	G994	G995	G996																					
F250	G997	G998	G999	G1000																					
F251	G1001	G1002	G1003	G1004																					
F252	G1005	G1006	G1007	G1008																					
F253	G1009	G1010	G1011	G1012																					
F254	G1013	G1014	G1015	G1016																					
F255	G1017	G1018	G1019	G1020																					
F256	G1021	G1022	G1023	G1024																					
F257	G1025	G1026	G1027	G1028																					
F258	G1029	G1030	G1031	G1032																					
F259	G1033	G1034	G1035	G1036																					
F260	G1037	G1038	G1039	G1040																					
F261	G1041	G1042	G1043	G1044																					
F262	G1045	G1046	G1047	G1048																					
F263	G1049	G1050	G1051	G1052																					
F264	G1053	G1054	G1055	G1056																					
F265	G1057	G1058	G1059	G1060																					
F266	G1061	G1062	G1063	G1064																					
F267	G1065	G1066	G1067	G1068																					
F268	G1069	G1070	G1071	G1072																					
F269	G1073	G1074	G1075	G1076																					
F270	G1077	G1078	G1079	G1080																					
F271	G1081	G1082	G1083	G1084																					
F272	G1085	G1086	G1087	G1088																					
F273	G1089	G1090	G1091	G1092																					
F274	G1093	G1094	G1095	G1096																					
F275	G1097	G1098	G1099	G1100																					
F276	G1101	G1102	G1103	G1104																					
F277	G1105	G1106	G1107	G1108																					
F278	G1109	G1110	G1111	G1112																					
F279	G1113	G1114	G1115	G1116																					
F280	G1117	G1118	G1119	G1120																					
F281	G1121	G1122	G1123	G1124																					
F282	G1125	G1126	G1127	G1128																					
F283	G1129	G1130	G1131	G1132																					
F284	G1133	G1134	G1135	G1136																					
F285	G1137	G1138	G1139	G1140																					
F286	G1141	G1142	G1143	G1144																					
F287	G1145	G1146	G1147	G1148																					
F288	G1149	G1150	G1151	G1152																					
F289	G1153	G1154	G1155	G1156																					
F290	G1157	G1158	G1159	G1160																					
F291	G1161	G1162	G1163	G1164																					
F292	G1165	G1166	G1167	G1168																					
F293	G1169	G1170	G1171	G1172																					
F294	G1173	G1174	G1175	G1176																					
F295	G1177	G1178	G1179	G1180																					
F296	G1181	G1182	G1183	G1184																					
F297	G1185	G1186	G1187	G1188																					
F298	G1189	G1190	G1191	G1192																					
F299	G1193	G1194	G1195	G1196																					
F300	G1197	G1198	G1199	G1200																					
F301	G1201	G1202	G1203	G1204																					
F302	G1205	G1206	G1207	G1208																					
F303	G1209	G1210	G1211	G1212																					
F304	G1213	G1214	G1215	G1216																					
F305	G1217	G1218	G1219	G1220																					
F306	G1221	G1222	G1223	G1224																					
F307	G1225	G1226	G1227	G1228																					
F308	G1229	G1230	G1231	G1232																					
F309	G1233	G1234	G1235	G1236																					
F310	G1237	G1238	G1239	G1240																					
F311	G1241	G1242	G1243	G1244																					
F312	G1245	G1246	G1247	G1248																					
F313	G1249	G1250	G1251	G1252																					
F314	G1253	G1254	G1255	G1256																					
F315	G1257	G1258	G1259	G1260																					
F316	G1261	G1262	G1263	G1264																					
F317	G1265	G1266	G1267	G1268																					
F318	G1269	G1270	G1271	G1272																					
F319	G1273	G1274	G1275	G1276																					
F320	G1277	G1278	G1279	G1280																					
F321	G1281	G1282	G1283	G1284																					
F322	G1285	G1286	G1287	G1288																					
F323	G1289	G1290	G1291	G1292																					
F324	G1293	G1294	G1295	G1296																					
F325	G1297	G1298	G1299	G1300																					
F326	G1301	G1302	G1303	G1304																					
F327	G1305	G1306	G1307	G1308																					
F328	G1309	G1310	G1311	G1312																					
F329	G1313	G1314	G1315	G1316																					
F330	G1317	G1318	G1319	G1320																					
F331	G1321	G1322	G1323	G1324																					
F332	G1325	G1326	G1327	G1328																					
F333	G1329	G1330	G1331	G1332																					
F334	G1333	G1334	G1335	G1336																					
F335	G1337	G1338	G1339	G1340																					
F336	G1341	G1342	G1343	G1344																					
F337	G1345	G1346	G1347	G1348																					
F338	G1349	G1350	G1351	G1352																					
F339	G1353	G1354	G1355	G1356																					
F340	G1357	G1358	G1359	G1360																					
F341	G1361	G1362	G1363	G1364																					
F342	G1365	G1366	G1367	G1368																					
F343	G1369	G1370	G1371	G1372																					
F344	G1373	G1374	G1375	G1376																					
F345	G1377	G1378	G1379	G1380																					
F346	G1381	G1382	G1383	G1384																					
F347	G1385	G1386	G1387	G1388																					
F348	G1389	G1390	G1391	G1392																					
F349	G1393	G1394	G1395	G1396																					
F350	G1397	G1398	G1399	G1400																					
F351	G1401	G1402	G1403	G1404																					
F352	G1405	G1406	G1407	G1408																					
F353	G1409	G1410	G1411	G1412																					
F354	G1413	G1414	G1415	G1416																					
F355	G1417	G1418	G1419	G1420																					
F356	G1421	G1422	G1423	G1424																					
F357	G1425	G1426	G1427	G1428																					
F358	G1429	G1430	G1431	G1432																					
F359	G1433	G1434	G1435	G1436																					
F360	G1437	G1438	G1439	G1440																					
F361	G1441	G1442	G1443	G1444																					
F362	G1445	G1446	G1447	G1448																					
F363	G1449	G1450	G1451	G1452																					
F364	G1453	G1454	G1455	G1456																					
F365	G1457	G1458	G1459	G1460																					
F366	G1461	G1462	G1463	G1464																					
F367	G1465	G1466	G1467	G1468																					
F368	G1469	G1470	G1471	G1472																					
F369	G1473	G1474	G1475	G1476																					
F370	G1477	G1478	G1479	G1480																					
F371	G1481	G1482	G1483	G1484																					
F372	G1485	G1486	G1487	G1488																					
F373	G1489	G1490	G1491	G1492																					
F374	G1493	G1494	G1495	G1496																					
F375	G1497	G1498	G1499	G1500																					
F376	G1501	G1502	G1503	G1504																					
F377	G1505	G1506	G1507	G1508																					
F378	G1509	G1510	G1511	G1512																					
F379	G1513	G1514	G1515	G1516																					
F380	G1517	G1518	G1519	G1520																					
F381	G1521	G1522	G1523	G1524																					
F382	G1525	G1526	G1527	G1528																					
F383	G1529	G1530	G1531	G1532																					
F384	G1533	G1534	G1535	G1536																					
F385	G1537	G1538	G1539	G1540																					
F386	G1541	G1542	G1543	G1544																					
F387	G1545	G1546	G1547	G1548																					
F388	G1549	G1550	G1551	G1552																					
F389	G1553	G1554	G1555	G1556																					
F390	G1557	G1558	G1559	G1560																					
F391	G1561	G1562	G1563	G1564																					
F392	G1565	G1566	G1567	G1568																					
F393	G1569	G1570	G1571	G1572																					
F394	G1573	G1574	G1575	G1576																					
F395	G1577	G1578	G1579	G1580																					
F396	G1581	G1582	G1583	G1584																					
F397	G1585	G1586	G1587	G1588																					
F398	G1589	G1590	G1591	G1592																					
F399	G1593	G1594	G1595	G1596																					
F400	G1597	G1598	G1599	G1600																					
F401	G1601	G1602	G1603	G1604																					
F402	G1605	G1606	G1607	G1608																					
F403	G1609	G1610	G1611	G1612																					
F404	G1613	G1614	G1615	G1616																					
F405	G1617	G1618	G1619	G1620																					
F406	G1621	G1622	G1623	G1624																					
F407	G1625	G1626	G1627	G1628																					
F408	G1629	G1630	G1631	G1632																					
F409	G1633	G1634	G1635	G1636																					
F410	G1637	G1638	G1639	G1640																					
F411	G1641	G1642	G1643	G1644																					
F412	G1645	G1646	G1647	G1648																					
F413	G1649	G1650	G1651	G1652																					
F414	G1653	G1654	G1655	G1656																					
F415	G1657	G1658	G1659	G1660																					
F416	G1661	G1662	G1663	G1664																					
F417	G1665	G1666	G1667	G1668																					
F418	G1669	G1670	G1671	G1672																					
F419	G1673	G1674	G1675	G1676																					
F420	G1677	G1678	G1679	G1680																					
F421	G1681	G1682	G1683	G1684																					
F422	G1685	G1686	G1687	G1688																					
F423	G1689	G1690	G1691	G1692																					
F424	G1693	G1694	G1695	G1696																					
F425	G1697	G1698	G1699	G1700																					
F426	G1701	G1702	G1703	G1704																					
F427	G1705	G1706	G1707	G1708																					
F428	G1709	G1710	G1711	G1712																					
F429	G1713	G1714	G1715	G1716																					
F430	G1717	G1718	G1719	G1720																					
F431	G1721	G1722	G1723	G1724																					
F432	G1725	G1726	G1727	G1728																					
F433	G1729	G1730	G1731	G1732																					
F434	G1733	G1734	G1735	G1736																					
F435	G1737	G1738	G1739	G1740																					
F436	G1741	G1742	G1743	G1744																					
F437	G1745	G1746	G1747	G1748																					
F438	G1749	G1750	G1751	G1752																					
F439	G1753	G1754	G1755	G1756																					
F440	G1757	G1758	G1759	G1760																					
F441	G1761	G1762	G1763	G1764																					
F442	G1765	G1766	G1767	G1768																					
F443	G1769	G1770	G1771	G1772																					
F444	G1773	G1774	G1775	G1776																					
F445	G1777	G1778	G1779	G1780																					
F446	G1781	G1782	G1783	G1784																					
F447	G1785	G1786	G1787	G1788																					
F448	G1789	G1790	G1791	G1792																					
F449	G1793	G1794	G1795	G1796																					
F450	G1797	G1798	G1799	G1800																					
F451	G1801	G1802	G1803	G1804																					
F452	G1805	G1806	G1807	G1808																					
F453	G1809	G1810	G1811	G1812																					
F454	G1813	G1814	G1815	G1816																					
F455	G1817	G1818	G1819	G1820																					
F456	G1821	G1822	G1823	G1824																					
F457	G1825	G1826	G1827	G1828																					
F458	G1829	G1830	G1831	G1832																					
F459	G1833	G1834	G1835	G1836																					
F460	G1837	G1838	G1839	G1840																					
F461	G1841	G1842	G1843	G1844																					
F462	G1845	G1846	G1847	G1848																					
F463	G1849	G1850	G1851	G1852																					
F464	G1853	G1854	G1855	G1856																					
F465	G1857	G1858	G1859	G1860																					
F466	G1861	G1862	G1863	G1864																					
F467	G1865	G1866	G1867	G1868																					
F468	G1869	G1870	G1871	G1872																					
F469	G1873	G1874	G1875	G1876																					
F470	G1877	G1878	G1879	G1880																					
F471	G1881	G1882	G1883	G1884																					
F472	G1885	G1886	G1887	G1888																					
F473	G1889	G1890	G1891	G1892																					
F474	G1893	G1894	G1895	G1896																					
F475	G1897	G1898	G1899	G1900																					
F476	G1901	G1902	G1903	G1904																					
F477	G1905	G1906	G1907	G1908																					
F478	G1909	G1910	G1911	G1912																					
F479	G1913	G1914	G1915	G1916																					
F480	G1917	G1918	G1919	G1920																					
F481	G1921	G1922	G1923	G1924																					
F482	G1925	G1926	G1927	G1928																					
F483	G1929	G1930	G1931	G1932																					
F484	G1933	G1934	G1935	G1936																					
F485	G1937	G1938	G1939	G1940																					
F486	G1941	G1942	G1943	G1944																					
F487	G1945	G1946	G1947	G1948																					
F488	G1949	G1950	G1951	G1952																					
F489	G1953	G1954	G1955	G1956																					
F490	G1957	G1958	G1959	G1960																					
F491	G1961	G1962	G1963	G1964																					
F492	G1965	G1966	G1967	G1968																					
F493	G1969	G1970	G1971	G1972																					
F494	G1973	G1974	G1975	G1976																					
F495	G1977	G1978	G1979	G1980																					
F496	G1981	G1982	G1983	G1984																					
F497	G1985	G1986	G1987	G1988																					
F498	G1989	G1990	G1991	G1992																					
F499	G1993	G1994	G1995	G1996																					
F500	G1997	G1998	G1999	G2000																					
F501	G2001	G2002	G2003	G2004																					
F502	G2005	G2006	G2007	G2008																					
F503	G2009	G2010	G2011	G2012																					
F504	G2013	G2014	G2015	G2016																					
F505	G2017	G2018	G2019	G2020																					
F506	G2021	G2022	G2023	G2024																					
F507	G2025	G2026	G2027	G2028																					
F508	G2029	G2030	G2031	G2032																					
F509	G2033	G2034	G2035	G2036																					
F510	G2037	G2038	G2039	G2040																					
F511	G2041	G2042	G2043	G2044																					
F512	G2045	G2046	G2047	G2048																					
F513	G2049	G2050	G2051	G2052																					
F514	G2053	G2054	G2055	G2056																					
F515	G2057	G2058	G2059	G2060																					
F516	G2061	G2062	G2063	G2064																					
F517	G2065	G2066	G2067	G2068																					
F518	G2069	G2070	G2071	G2072																					
F519	G2073	G2074	G2075	G2076																					
F520	G2077	G2078	G2079	G2080																					
F521	G2081	G2082	G2083	G2084																					
F522	G2085	G2086	G2087	G2088																					
F523	G2089	G2090	G2091	G2092																					
F524	G2093	G2094	G2095	G2096																					
F525	G2097	G2098	G2099	G2100																					
F526	G2101	G2102	G2103	G2104																					
F527	G2105	G2106	G2107	G2108																					
F528	G2109	G2110	G2111	G2112																					
F529	G2113	G2114	G2115	G2116																					
F530	G2117	G2118	G2119	G2120																					
F531	G2121	G2122	G2123	G2124																					
F532	G2125	G2126	G2127	G2128																					
F533	G2129	G2130	G2131	G2132																					
F534	G2133	G2134	G2135	G2136																					
F535	G2137	G2138	G2139	G2140																					
F536	G2141	G2142	G2143	G2144																					
F537	G2145	G2146	G2147	G2148																					
F538	G2149	G2150	G2151	G2152																					
F539	G2153	G2154	G2155	G2156																					
F540	G2157	G2158	G2159	G2160																					
F541	G2161	G2162	G2163	G2164																					
F542	G2165	G2166	G2167	G2168																					
F543	G2169	G2170	G2171	G2172																					
F544	G2173	G2174	G2175	G2176																					
F545	G2177	G2178	G2179	G2180																					
F546	G2181	G2182	G2183	G2184																					
F547	G2185	G2186	G2187	G2188																					
F548	G2189	G2190	G2191	G2192																					
F549	G2193	G2194	G2195	G2196																					
F550	G2197	G2198	G2199	G2200																					
F551	G2201	G2202	G2203	G2204																					
F552	G2205	G2206	G2207	G2208																					
F553	G2209	G2210	G2211	G2212																					
F554	G2213	G2214	G2215	G2216																					
F555	G2217	G2218	G2219	G2220																					
F556	G2221	G2222	G2223	G2224																					
F557	G2225	G2226	G2227	G2228																					
F558	G2229	G2230	G2231	G2232																					
F559	G2233	G2234	G2235	G2236																					
F560	G2237	G2238	G2239	G2240																					
F561	G2241	G2242	G2243	G2244																					
F562	G2245	G2246	G2247	G2248																					
F563	G2249	G2250	G2251	G2252																					
F564	G2253	G2254	G2255	G2256																					
F565	G2257	G2258	G2259	G2260																					
F566	G2261	G2262	G2263	G2264																					
F567	G2265	G2266	G2267	G2268																					
F568	G2269	G2270	G2271	G2272																					
F569	G2273	G2274	G2275	G2276																					
F570	G2277	G2278	G2279	G2280																					
F571	G2281	G2282	G2283	G2284																					
F572	G2285	G2286	G2287	G2288																					
F573	G2289	G2290	G2291	G2292																					
F574	G2293	G2294	G2295	G2296																					
F575	G2297	G2298	G2299	G2300																					
F576	G2301	G2302	G2303	G2304																					
F577	G2305	G2306	G2307	G2308																					
F578	G2309	G2310	G2311	G2312																					
F579	G2313	G2314	G2315	G2316																					
F580	G2317	G2318	G2319	G2320																					
F581	G2321	G2322	G2323	G2324																					
F582	G2325	G2326	G2327	G2328																					
F583	G2329	G2330	G2331	G2332																					
F584	G2333	G2334	G2335	G2336																					
F585	G2337	G2338	G2339	G2340																					
F586	G2341	G2342	G2343	G2344																					
F587	G2345	G2346	G2347	G2348																					
F588	G2349	G2350	G2351	G2352																					
F589	G2353	G2354	G2355	G2356																					
F590	G2357	G2358	G2359	G2360																					
F591	G2361	G2362	G2363	G2364																					
F592	G2365	G2366	G2367	G2368																					
F593	G2369	G2370	G2371	G2372																					
F594	G2373	G2374	G2375	G2376																					
F595	G2377	G2378	G2379	G2380																					
F596	G2381	G2382	G2383	G2384																					
F597	G2385	G2386	G2387	G2388																					
F598	G2389	G2390	G2391	G2392																					
F599	G2393	G2394	G2395	G2396																					
F600	G2397	G2398	G2399	G2400																					
F601	G2401	G2402	G2403	G2404																					
F602	G2405	G2406	G2407	G2408																					
F603	G2409	G2410	G2411	G2412																					
F604	G2413	G2414	G2415	G2416																					
F605	G2417	G2418	G2419	G2420																					
F606	G2421	G2422	G2423	G2424																					
F607	G2425	G2426	G2427	G2428																					
F608	G2429	G2430	G2431	G2432																					
F609	G2433	G2434	G2435	G2436																					
F610	G2437	G2438	G2439	G2440																					
F611	G2441	G2442	G2443	G2444																					
F612	G2445	G2446	G2447	G2448																					
F613	G2449	G2450	G2451	G2452																					
F614	G2453	G2454	G2455	G2456																					
F615	G2457	G2458	G2459	G2460																					
F616	G2461	G2462	G2463	G2464																					
F617	G2465	G2466	G2467	G2468																					
F618	G2469	G2470	G2471	G2472																					
F619	G2473	G2474	G2475	G2476																					
F620	G2477	G2478	G2479	G2480																					
F621	G2481	G2482	G2483	G2484																					
F622	G2485	G2486	G2487	G2488																					
F623	G2489	G2490	G2491	G2492																					
F624	G2493	G2494	G2495	G2496																					
F625	G2497	G2498	G2499	G2500																					
F626	G2501	G2502	G2503	G2504																					
F627	G2505	G2506	G2507	G2508																					
F628	G2509	G2510	G2511	G2512																					
F629	G2513	G2514	G2515	G2516																					
F630	G2517	G2518	G2519	G2520																					
F631	G2521	G2522	G2523	G2524																					
F632	G2525	G2526	G2527	G2528																					
F633	G2529	G2530	G2531	G2532																					
F634	G2533	G2534	G2535	G2536																					
F635	G2537	G2538	G2539	G2540																					
F636	G2541	G2542	G2543	G2544																					
F637	G2545	G2546	G2547	G2548																					
F638	G2549	G2550	G2551	G2552																					
F639	G2553	G2554	G2555	G2556																					
F640	G2557	G2558	G2559	G2560																					
F641	G2561	G2562	G2563	G2564																					
F642	G2565	G2566	G2567	G2568																					
F643	G2569	G2570	G2571	G2572																					
F644	G2573	G2574	G2575	G2576																					
F645	G2577	G2578	G2579	G2580																					
F646	G2581	G2582	G2583	G2584																					
F647	G2585	G2586	G2587	G2588																					
F648	G2589	G2590	G2591	G2592																					
F649	G2593	G2594	G2595	G2596																					
F650	G2597	G2598	G2599	G2600																					
F651	G2601	G2602	G2603	G2604																					
F652	G2605	G2606	G2607	G2608																					
F653	G2609	G2610	G2611	G2612																					
F654	G2613	G2614	G2615	G2616																					
F655	G2617	G2618	G2619	G2620																					
F656	G2621	G2622	G2623	G2624																					
F657	G2625	G2626	G2627	G2628																					
F658	G2629	G2630	G2631	G2632																					
F659	G2633	G2634	G2635	G2636																					
F660	G2637	G2638	G2639	G2640																					
F661	G2641	G2642	G2643	G2644																					
F662	G2645	G2646	G2647	G2648																					
F663	G2649	G2650	G2651	G2652																					
F664	G2653	G2654	G2655	G2656																					
F665	G2657	G2658	G2659	G2660																					
F666	G2661	G2662	G2663	G2664																					
F667	G2665	G2666	G2667	G2668																					
F668	G2669	G2670	G2671	G2672																					
F669	G2673	G2674	G2675	G2676																					
F670	G2677	G2678	G2679	G2680																					
F671	G2681	G2682	G2683	G2684																					
F672	G2685	G2686	G2687	G2688																					
F673	G2689	G2690	G2691	G2692																					
F674	G2693	G2694	G2695	G2696																					
F675	G2697	G2698	G2699	G2700																					
F676	G2701	G2702	G2703	G2704																					
F677	G2705	G2706	G2707	G2708																					
F678	G2709	G2710	G2711	G2712																					
F679	G2713	G2714	G2715	G2716																					
F680	G2717	G2718	G2719	G2720																					
F681	G2721	G2722	G2723	G2724																					
F682	G2725	G2726	G2727	G2728																					
F683	G2729	G2730	G2731	G2732																					
F684	G2733	G2734	G2735	G2736																					
F685	G2737	G2738	G2739	G2740																					
F686	G2741	G2742	G2743	G2744																					
F687	G2745	G2746	G2747	G2748																					
F688	G2749	G2750	G2751	G2752																					
F689	G2753	G2754	G2755	G2756																					
F690	G2757	G2758	G2759	G2760																					
F691	G2761	G2762	G2763	G2764																					
F692	G2765	G2766	G2767	G2768																					
F693	G2769	G2770	G2771	G2772																					
F694	G2773	G2774	G2775	G2776																					
F695	G2777	G2778	G2779	G2780																					
F696	G2781	G2782	G2783	G2784																					
F697	G2785	G2786	G2787	G2788																					
F698	G2789	G2790	G2791	G2792																					
F699	G2793	G2794	G2795	G2796																					
F700	G2797	G2798	G2799	G2800																					
F701	G2801	G2802	G2803	G2804																					
F702	G2805	G2806	G2807	G2808																					
F703	G2809	G2810	G2811	G2812																					
F704	G2813	G2814	G2815	G2816																					
F705	G2817	G2818	G2819	G2820																					
F706	G2821	G2822	G2823	G2824																					
F707	G2825	G2826	G2827	G2828																					
F708	G2829	G2830	G2831	G2832																					
F709	G2833	G2834	G2835	G2836																					
F710	G2837	G2838	G2839	G2840																					
F711	G2841	G2842	G2843	G2844																					
F712	G2845	G2846	G2847	G2848																					
F713	G2849	G2850	G2851	G2852																					
F714	G2853	G2854	G2855	G2856																					
F715	G2857	G2858	G2859	G2860																					
F716	G2861	G2862	G2863	G2864																					
F717	G2865	G2866	G2867	G2868																					
F718	G2869	G2870	G2871	G2872																					
F719	G2873	G2874	G2875	G2876																					
F720	G2877	G2878	G2879	G2880																					
F721	G2881	G2882	G2883	G2884																					
F722	G2885	G2886	G2887	G2888																					
F723	G2889	G2890	G2891	G2892																					
F724	G2893	G2894	G2895	G2896																					
F725	G2897	G2898	G2899	G2900																					
F726	G2901	G2902	G2903	G2904																					
F727	G2905	G2906	G2907	G2908																					
F728	G2909	G2910	G2911	G2912																					
F729	G2913	G2914	G2915	G2916																					
F730	G2917	G2918	G2919	G2920																					
F731	G2921	G2922	G2923	G2924																					
F732	G2925	G2926	G2927	G2928																					
F733	G2929	G2930	G2931	G2932																					
F734	G2933	G2934	G2935	G2936																					
F735	G2937	G2938	G2939	G2940																					
F736	G2941	G2942	G2943	G2944																					
F737	G2945	G2946	G2947	G2948																					
F738	G2949	G2950	G2951	G2952																					
F739	G2953	G2954	G2955	G2956																					
F740	G2957	G2958	G2959	G2960																					
F741	G2961	G2962	G2963	G2964																					
F742	G2965	G2966	G2967	G2968																					
F743	G2969	G2970	G2971	G2972																					
F744	G2973	G2974	G2975	G2976																					
F745	G2977	G2978	G2979	G2980																					
F746	G2981	G2982	G2983	G2984																					
F747	G2985	G2986	G2987	G2988																					
F748	G2989	G2990	G2991	G2992																					
F749	G2993	G2994	G2995	G2996																					
F750	G2997	G2998	G2999	G3000																					
F751	G3001	G3002	G3003	G3004																					
F752	G3005	G3006	G3007	G3008																					
F753	G3009	G3010	G3011	G3012																					
F754	G3013	G3014	G3015	G3016																					
F755	G3017	G3018	G3019	G3020																					
F756	G3021	G3022	G3023	G3024																					
F757	G3025	G3026	G3027	G3028																					
F758	G3029	G3030	G3031	G3032																					
F759	G3033	G3034	G3035	G3036																					
F760	G3037	G3038	G3039	G3040																					
F761	G3041	G3042	G3043	G3044																					
F762	G3045	G3046	G3047	G3048																					
F763	G3049	G3050	G3051	G3052																					
F764	G3053	G3054	G3055	G3056																					
F765	G3057	G3058	G3059	G3060																					
F766	G3061	G3062	G3063	G3064																					
F767	G3065	G3066	G3067	G3068																					
F768	G3069	G3070	G3071	G3072																					
F769	G3073	G3074	G3075	G3076																					
F770	G3077	G3078	G3079	G3080																					
F771	G3081	G3082	G3083	G3084																					
F772	G3085	G3086	G3087	G3088																					
F773	G3089	G3090	G3091	G3092																					
F774	G3093	G3094	G3095	G3096																					
F775	G3097	G3098	G3099	G3100																					
F776	G3101	G3102	G3103	G3104																					
F777	G3105	G3106	G3107	G3108																					
F778	G3109	G3110	G3111	G3112																					
F779	G3113	G3114	G3115	G3116																					
F780	G3117	G3118	G3119	G3120																					
F781	G3121	G3122	G3123	G3124																					
F782	G3125	G3126	G3127	G3128																					
F783	G3129	G3130	G3131	G3132																					
F784	G3133	G3134	G3135	G3136																					
F785	G3137	G3138	G3139	G3140																					
F786	G3141	G3142	G3143	G3144																					
F787	G3145	G3146	G3147	G3148																					
F788	G3149	G3150	G3151	G3152																					
F789	G3153	G3154	G3155	G3156																					
F790	G3157	G3158	G3159	G3160																					
F791	G3161	G3162	G3163	G3164																					
F792	G3165	G3166	G3167	G3168																					
F793	G3169	G3170	G3171	G3172																					
F794	G3173	G3174	G3175	G3176																					
F795	G3177	G3178	G3179	G3180																					
F796	G3181	G3182	G3183	G3184																					
F797	G3185	G3186	G3187	G3188																					
F798	G3189	G3190	G3191	G3192																					
F799	G3193	G3194	G3195	G3196																					
F800	G3197	G3198	G3199	G3200																					
F801	G3201	G3202	G3203	G3204																					
F802	G3205	G3206	G3207	G3208																					
F803	G3209	G3210	G3211	G3212																					
F804	G3213	G3214	G3215	G3216																					
F805	G3217	G3218	G3219	G3220																					
F806	G3221	G3222	G3223	G3224																					
F807	G3225	G3226	G3227	G3228																					
F808	G3229	G3230	G3231	G3232																					
F809	G3233	G3234	G3235	G3236																					
F810	G3237	G3238	G3239	G3240																					
F811	G3241	G3242	G3243	G3244																					
F812	G3245	G3246	G3247	G3248																					
F813	G3249	G3250	G3251	G3252																					
F814	G3253	G3254	G3255	G3256																					
F815	G3257	G3258	G3259	G3260																					
F816	G3261	G3262	G3263	G3264																					
F817	G3265	G3266	G3267	G3268																					
F818	G3269	G3270	G3271	G3272																					
F819	G3273	G3274	G3275	G3276																					
F820	G3277	G3278	G3279	G3280																					
F821	G3281	G3282	G3283	G3284																					
F822	G3285	G3286	G3287	G3288																					
F823	G3289	G3290	G3291	G3292																					
F824	G3293	G3294	G3295	G3296																					
F825	G3297	G3298	G3299	G3300																					
F826	G3301	G3302	G3303	G3304																					
F827	G3305	G3306	G3307	G3308																					
F828	G3309	G3310	G3311	G3312																					
F829	G3313	G3314	G3315	G3316																					
F830	G3317	G3318	G3319	G3320																					
F831	G3321	G3322	G3323	G3324																					
F832	G3325	G3326	G3327	G3328																					
F833	G3329	G3330	G3331	G3332																					
F834	G3333	G3334	G3335	G3336																					
F835	G3337	G3338	G3339	G3340																					
F836	G3341	G3342	G3343	G3344																					
F837	G3345	G3346	G3347	G3348																					
F838	G3349	G3350	G3351	G3352																					
F839	G3353	G3354	G3355	G3356																					
F840	G3357	G3358	G3359	G3360																					
F841	G3361	G3362	G3363	G3364																					
F842	G3365	G3366	G3367	G3368																					
F843	G3369	G3370	G3371	G3372																					
F844	G3373	G3374	G3375	G3376																					
F845	G3377	G3378	G3379	G3380																					
F846	G3381	G3382	G3383	G3384																					
F847	G3385	G3386	G3387	G3388																					
F848	G3389	G3390	G3391	G3392																					
F849	G3393	G3394	G3395	G3396																					
F850	G3397	G3398	G3399	G3400																					
F851	G3401	G3402	G3403	G3404																					
F852	G3405	G3406	G3407	G3408																					
F853	G3409	G3410	G3411	G3412																					
F854	G3413	G3414	G3415	G3416																					
F855	G3417	G3418	G3419	G3420																					
F856	G3421	G3422	G3423	G3424																					
F857	G3425	G3426	G3427	G3428																					
F858	G3429	G3430	G3431	G3432																					
F859	G3433	G3434	G3435	G3436																					
F860	G3437	G3438	G3439	G3440																					
F861	G3441	G3442	G3443	G3444																					
F862	G3445	G3446	G3447	G3448																					
F863	G3449	G3450	G3451	G3452																					
F864	G3453	G3454	G3455	G3456																					
F865	G3457	G3458	G3459	G3460																					
F866	G3461	G3462	G3463	G3464																					
F867	G3465	G3466	G3467	G3468																					
F868	G3469	G3470	G3471	G3472																					
F869	G3473	G3474	G3475	G3476																					
F870	G3477	G3478	G3479	G3480																					
F871	G3481	G3482	G3483	G3484																					
F872	G3485	G3486	G3487	G3488																					
F873	G3489	G3490	G3491	G3492																					
F874	G3493	G3494	G3495	G3496																					
F875	G3497	G3498	G3499	G3500																					
F876	G3501	G3502	G3503	G3504																					
F877	G3505	G3506	G3507	G3508																					
F878	G3509	G3510	G3511	G3512																					
F879	G3513	G3514	G3515	G3516																					
F880	G3517	G3518	G3519	G3520																					
F881	G3521	G3522	G3523	G3524																					
F882	G3525	G3526	G3527	G3528																					
F883	G3529	G3530	G3531	G3532																					
F884	G3533	G3534	G3535	G3536																					
F885	G3537	G3538	G3539	G3540																					
F886	G3541	G3542	G3543	G3544																					
F887	G3545	G3546	G3547	G3548																					
F888	G3549	G3550	G3551	G3552																					
F889	G3553	G3554	G3555	G3556																					
F890	G3557	G3558	G3559	G3560																					
F891	G3561	G3562	G3563	G3564																					
F892	G3565	G3566	G3567	G3568																					
F893	G3569	G3570	G3571	G3572																					
F894	G3573	G3574	G3575	G3576																					
F895	G3577	G3578	G3579	G3580																					
F896	G3581	G3582	G3583	G3584																					
F897	G3585	G3586	G3587	G3588																					
F898	G3589	G3590	G3591	G3592																					
F899	G3593	G3594	G3595	G3596																					
F900	G3597	G3598	G3599	G3600																					
F901	G3601	G3602	G3603	G3604																					
F902	G3605	G3606	G3607	G3608																					
F903	G3609	G3610	G3611	G3612																					
F904	G3613	G3614	G3615	G3616																					
F905	G3617	G3618	G3619	G3620																					
F906	G3621	G3622	G3623	G3624																					
F907	G3625	G3626	G3627	G3628																					
F908	G3629	G3630	G3631	G3632																					
F909	G3633	G3634	G3635	G3636																					
F910	G3637	G3638	G3639	G3640																					
F911	G3641	G3642	G3643	G3644																					
F912	G3645	G3646	G3647	G3648																					
F913	G3649	G3650	G3651	G3652																					
F914	G3653	G3654	G3655	G3656																					
F915	G3657	G3658	G3659	G3660																					
F916	G3661	G3662	G3663	G3664																					
F917	G3665	G3666	G3667	G3668																					
F918	G3669	G3670	G3671	G3672																					
F919	G3673	G3674	G3675	G3676																					
F920	G3677	G3678	G3679	G3680																					
F921	G3681	G3682	G3683	G3684																					
F922	G3685	G3686	G3687	G3688																					
F923	G3689	G3690	G3691	G3692																					
F924	G3693	G3694	G3695	G3696																					
F925	G3697	G3698	G3699	G3700																					
F926	G3701	G3702	G3703	G3704																					
F927	G3705	G3706	G3707	G3708																					
F928	G3709	G3710	G3711	G3712																					
F929	G3713	G3714	G3715	G3716																					
F930	G3717	G3718	G3719	G3720																					
F931	G3721	G3722	G3723	G3724																					
F932	G3725	G3726	G3727	G3728																					
F933	G3729	G3730	G3731	G3732																					
F934	G3733	G3734	G3735	G3736																					
F935	G3737	G3738	G3739	G3740																					
F936	G3741	G3742	G3743	G3744																					
F937	G3745	G3746	G3747	G3748																					
F938	G3749	G3750	G3751	G3752																					
F939	G3753	G3754	G3755	G3756																					
F940	G3757	G3758	G3759	G3760																					
F941	G3761	G3762	G3763	G3764																					
F942	G3765	G3766	G3767	G3768																					
F943	G3769	G3770	G3771	G3772																					
F944	G3773	G3774	G3775	G3776																					
F945	G3777	G3778	G3779	G3780																					
F946	G3781	G3782	G3783	G3784																					
F947	G3785	G3786	G3787	G3788																					
F948	G3789	G3790	G3791	G3792																					
F949	G3793	G3794	G3795	G3796																					
F950	G3797	G3798	G3799	G3800																					
F951	G3801	G3802	G3803	G3804																					
F952	G3805	G3806	G3807	G3808																					
F953	G3809	G3810	G3811	G3812																					
F954	G3813	G3814	G3815	G3816																					
F955	G3817	G3818	G3819	G3820																					
F956	G3821	G3822	G3823	G3824																					
F957	G3825	G3826	G3827	G3828																					
F958	G3829	G3830	G3831	G3832																					
F959	G3833	G3834	G3835	G3836																					
F960	G3837	G3838	G3839	G3840																					
F961	G3841	G3842	G3843	G3844																					
F962	G3845	G3846	G3847	G3848																					
F963	G3849	G3850	G3851	G3852																					
F964	G3853	G3854	G3855	G3856																					
F965	G3857	G3858	G3859	G3860																					
F966	G3861	G3862	G3863	G3864																					
F967	G3865	G3866	G3867	G3868																					
F968	G3869	G3870	G3871	G3872																					
F969	G3873	G3874	G3875	G3876																					
F970	G3877	G3878	G3879	G3880																					
F971	G3881	G3882	G3883	G3884																					
F972	G3885	G3886	G3887	G3888																					
F973	G3889	G3890	G3891	G3892																					
F974	G3893	G3894	G3895	G3896																					
F975	G3897	G3898	G3899	G3900																					
F976	G3901	G3902	G3903	G3904																					
F977	G3905	G3906	G3907	G3908																					
F978	G3909	G3910	G3911	G3912																					
F979	G3913	G3914	G3915	G3916																					
F980	G3917	G3918	G3919	G3920																					
F981	G3921	G3922	G3923	G3924																					
F982	G3925	G3926	G3927	G3928																					
F983	G3929	G3930	G3931	G3932																					
F984	G3933	G3934	G3935	G3936																					
F985	G3937	G3938	G3939	G3940																					
F986	G3941	G3942	G3943	G3944																					
F987	G3945	G3946	G3947	G3948																					
F988	G3949	G3950	G3951	G3952																					
F989	G3953	G3954	G3955	G3956																					
F990	G3957	G3958	G3959	G3960																					
F991	G3961	G3962	G3963	G3964																					
F992	G3965	G3966	G3967	G3968																					
F993	G3969	G3970	G3971	G3972																					
F994	G3973	G3974	G3975	G3976																					
F995	G3977	G3978	G3979	G3980																					
F996	G3981	G3982	G3983	G3984																					
F997	G3985	G3986	G3987	G3988																					
F998	G3989	G3990	G3991	G3992																					
F999	G3993	G3994	G3995	G3996																					
F1000	G3997	G3998	G3999	G4000																					
F1001	G4001	G4002	G4003	G4004																					
F1002	G4005	G4006	G4007	G4008																					
F1003	G4009	G4010	G4011	G4012																					
F1004	G4013	G4014	G4015	G4016																					
F1005	G4017	G4018	G4019	G4020																					
F1006	G4021	G4022	G4023	G4024																					
F1007	G4025	G4026	G4027	G4028																					
F1008	G4029	G4030	G4031	G4032																					
F1009	G4033	G4034	G4035	G4036																					
F1010	G4037	G4038	G4039	G4040																					
F1011	G4041	G4042	G4043	G4044																					
F1012	G4045	G4046	G4047	G4048																					
F1013	G4049	G4050	G4051	G4052																					
F1014	G4053	G4054	G4055	G4056																					
F1015	G4057	G4058	G4059	G4060																					
F1016	G4061	G4062	G4063	G4064																					
F1017	G4065	G4066	G4067	G4068																					
F1018	G4069	G4070	G4071	G4072																					
F1019	G4073	G4074	G4075	G4076																					
F1020	G4077	G4078	G4079	G4080																					
F1021	G4081	G4082	G4083	G4084																					
F1022	G4085	G4086	G4087	G4088																					
F1023	G4089	G4090	G4091	G4092																					
F1024	G4093	G4094	G4095	G4096																					
F1025	G4097	G4098	G4099	G4100																					
F1026	G4101	G4102	G4103	G4104																					
F1027	G4105	G4106	G4107	G4108																					
F1028	G4109	G4110	G4111	G4112																					
F1029	G4113	G4114	G4115	G4116																					
F1030	G4117	G4118	G4119	G4120																					
F1031	G4121	G4122	G4123	G4124																					
F1032	G4125	G4126	G4127	G4128																					
F1033	G4129	G4130	G4131	G4132																					
F1034	G4133	G4134	G4135	G4136																					
F1035	G4137	G4138	G4139	G4140																					
F1036	G4141	G4142	G4143	G4144																					
F1037	G4145	G4146	G4147	G4148																					
F1038	G4149	G4150	G4151	G4152																					
F1039	G4153	G4154	G4155	G4156																					
F1040	G4157	G4158	G4159	G4160																					
F1041	G4161	G4162	G4163	G4164																					
F1042	G4165	G4166	G4167	G4168																					
F1043	G4169	G4170	G4171	G4172																					
F1044	G4173	G4174	G4175	G4176																					
F1045	G4177	G4178	G4179	G4180																					
F1046	G4181	G4182	G4183	G4184																					
F1047	G4185	G4186	G4187	G4188																					
F1048	G4189	G4190	G4191	G4192																					
F1049	G4193	G4194	G4195	G4196																					
F1050	G4197	G4198	G4199	G4200																					
F1051	G4201	G4202	G4203	G4204																					
F1052	G4205	G4206	G4207	G4208																					
F1053	G4209	G4210	G4211	G4212																					
F1054	G4213	G4214	G4215	G4216																					
F1055	G4217	G4218	G4219	G4220																					
F1056	G4221	G4222	G4223	G4224																					
F1057	G4225	G4226	G4227	G4228																					
F1058	G4229	G4230	G4231	G4232																					
F1059	G4233	G4234	G4235	G4236																					
F1060	G4237	G4238	G4239	G4240																					
F1061	G4241	G4242	G4243	G4244																					
F1062	G4245	G4246	G4247	G4248																					
F1063	G4249	G4250	G4251	G4252																					
F1064	G4253	G4254	G4255	G4256																					
F1065	G4257	G4258	G4259	G4260																					
F1066	G4261	G4262	G4263	G4264																					
F1067	G4265	G4266	G4267	G4268																					
F1068	G4269	G4270	G4271	G4272																					
F1069	G4273	G4274	G4275	G4276																					
F1070	G4277	G4278	G4279	G4280																					
F1071	G4281	G4282	G4283	G4284																					
F1072	G4285	G4286	G4287	G4288																					
F1073	G4289	G4290	G4291	G4292																					
F1074	G4293	G4294	G4295	G4296																					
F1075	G4297	G4298	G4299	G4300																					
F1076	G4301	G4302	G4303	G4304																					
F1077	G4305	G4306	G4307	G4308																					
F1078	G4309	G4310	G4311	G4312																					
F1079	G4313	G4314	G4315	G4316																					
F1080	G4317	G4318	G4319	G4320																					
F1081	G4321	G4322	G4323	G4324																					
F1082	G4325	G4326	G4327	G4328																					
F1083	G4329	G4330	G4331	G4332																					
F1084	G4333	G4334	G4335	G4336																					
F1085	G4337	G4338	G4339	G4340																					
F1086	G4341	G4342	G4343	G4344																					
F1087	G4345	G4346	G4347	G4348																					
F1088	G4349	G4350	G4351	G4352																					
F1089	G4353	G4354	G4355	G4356																					
F1090	G4357	G4358	G4359	G4360																					
F1091	G4361	G4362	G4363	G4364																					
F1092	G4365	G4366	G4367	G4368																					
F1093	G4369	G4370	G4371	G4372																					
F1094	G4373	G4374	G4375	G4376																					
F1095	G4377	G4378	G4379	G4380																					
F1096	G4381	G4382	G4383	G4384																					
F1097	G4385	G4386	G4387	G4388																					
F1098	G4389	G4390	G4391	G4392																					
F1099	G4393	G4394	G4395	G4396																					
F1100	G4397	G4398	G4399	G4400																					
F1101	G4401	G4402	G4403	G4404																					
F1102	G4405	G4406	G4407	G4408																					
F1103	G4409	G4410	G4411	G4412																					
F1104	G4413	G4414	G4415	G4416																					
F1105	G4417	G4418	G4419	G4420																					
F1106	G4421	G4422	G4423	G4424																					
F1107	G4425	G4426	G4427	G4428																					
F1108	G4429	G4430	G4431	G4432																					
F1109	G4433	G4434	G4435	G4436																					
F1110	G4437	G4438	G4439	G4440																					
F1111	G4441	G4442	G4443	G4444																					
F1112	G4445	G4446	G4447	G4448																					
F1113	G4449	G4450	G4451	G4452																					
F1114	G4453	G4454	G4455	G4456																					
F1115	G4457	G4458	G4459	G4460																					
F1116	G4461	G4462	G4463	G4464																					
F1117	G4465	G4466	G4467	G4468																					
F1118	G4469	G4470	G4471	G4472																					
F1119	G4473	G4474	G4475	G4476																					
F1120	G4477	G4478	G4479	G4480																					
F1121	G4481	G4482	G4483	G4484																					
F1122	G4485	G4486	G4487	G4488																					
F1123	G4489	G4490	G4491	G4492																					
F1124	G4493	G4494	G4495	G4496																					
F1125	G4497	G4498	G4499	G4500																					
F1126	G4501	G4502	G4503	G4504																					
F1127	G4505	G4506	G4507	G4508																					
F1128	G4509	G4510	G4511	G4512																					
F1129	G4513	G4514	G4515	G4516																					
F1130	G4517	G4518	G4519	G4520																					
F1131	G4521	G4522	G4523	G4524																					
F1132	G4525	G4526	G4527	G4528																					
F1133	G4529	G4530	G4531	G4532																					
F1134	G4533	G4534	G4535	G4536																					
F1135	G4537	G4538	G4539	G4540																					
F1136	G4541	G4542	G4543	G4544																					
F1137	G4545	G4546	G4547	G4548																					
F1138	G4549	G4550	G4551	G4552																					
F1139	G4553	G4554	G4555	G4556																					
F1140	G4557	G4558	G4559	G4560																					
F1141	G4561	G4562	G4563	G4564																					
F1142	G4565	G4566	G4567	G4568																					
F1143	G4569	G4570	G4571	G4572																					
F1144	G4573	G4574	G4575	G4576																					
F1145	G4577	G4578	G4579	G4580																					
F1146	G4581	G4582	G4583	G4584																					
F1147	G4585	G4586	G4587	G4588																					
F1148	G4589	G4590	G4591	G4592																					
F1149	G4593	G4594	G4595	G4596																					
F1150	G4597	G4598	G4599	G4600																					
F1151	G4601	G4602	G4603	G4604																					
F1152	G4605	G4606	G4607	G4608																					
F1153	G4609	G4610	G4611	G4612																					
F1154	G4613	G4614	G4615	G4616																					
F1155	G4617	G4618	G4619	G4620																					
F1156	G4621	G4622	G4623	G4624																					
F1157	G4625	G4626	G4627	G4628																					
F1158	G4629	G4630	G4631	G4632																					
F1159	G4633	G4634	G4635	G4636																					
F1160	G4637	G4638	G4639	G4640																					
F1161	G4641	G4642	G4643	G4644																					
F1162	G4645	G4646	G4647	G4648																					
F1163	G4649	G4650	G4651	G4652																					
F1164	G4653	G4654	G4655	G4656																					
F1165	G4657	G4658	G4659	G4660																					
F1166	G4661	G4662	G4663	G4664																					
F1167	G4665	G4666	G4667	G4668																					
F1168	G4669	G4670	G4671	G4672																					
F1169	G4673	G4674	G4675	G4676																					
F1170	G4677	G4678	G4679	G4680																					
F1171	G4681	G4682	G4683	G4684																					
F1172	G4685	G4686	G4687	G4688																					
F1173	G4689	G4690	G4691	G4692																					
F1174	G4693	G4694	G4695	G4696																					
F1175	G4697	G4698	G4699	G4700																					
F1176	G4701	G4702	G4703	G4704																					
F1177	G4705	G4706	G4707	G4708																					
F1178	G4709	G4710	G4711	G4712																					
F1179	G4713	G4714	G4715	G4716																					
F1180	G4717	G4718	G4719	G4720																					
F1181	G4721	G4722	G4723	G4724																					
F1182	G4725	G4726	G4727	G4728																					
F1183	G4729	G4730	G4731	G4732																					
F1184	G4733	G4734	G4735	G4736																					
F1185	G4737	G4738	G4739	G4740																					
F1186	G4741	G4742	G4743	G4744																					
F1187	G4745	G4746	G4747	G4748																					
F1188	G4749	G4750	G4751	G4752																					
F1189	G4753	G4754	G4755	G4756																					
F1190	G4757	G4758	G4759	G4760																					
F1191	G4761	G4762	G4763	G4764																					
F1192	G4765	G4766	G4767	G4768																					
F1193	G4769	G4770	G4771	G4772																					
F1194	G4773	G4774	G4775	G4776																					
F1195	G4777	G4778	G4779	G4780																					
F1196	G4781	G4782	G4783	G4784																					
F1197	G4785	G4786	G4787	G4788																					
F1198	G4789	G4790	G4791	G4792																					
F1199	G4793	G4794	G4795	G4796																					
F1200	G4797	G4798	G4799	G4800																					
F1201	G4801	G4802	G4803	G4804																					
F1202	G4805	G4806	G4807	G4808																					
F1203	G4809	G4810	G4811	G4812																					
F1204	G4813	G4814	G4815	G4816																					
F1205	G4817	G4818	G4819	G4820																					
F1206	G4821	G4822	G4823	G4824																					
F1207	G4825	G4826	G4827	G4828																					
F1208	G4829	G4830	G4831	G4832																					
F1209	G4833	G4834	G4835	G4836																					
F1210	G4837	G4838	G4839	G4840																					
F1211	G4841	G4842	G4843	G4844																					
F1212	G4845	G4846	G4847	G4848																					
F1213	G4849	G4850	G4851	G4852																					
F1214	G4853	G4854	G4855	G4856																					
F1215	G4857	G4858	G4859	G4860																					
F1216	G4861	G4862	G4863	G4864																					
F1217	G4865	G4866	G4867	G4868																					
F1218	G4869	G4870	G4871	G4872																					
F1219	G4873	G4874	G4875	G4876																					
F1220	G4877	G4878	G4879	G4880																					
F1221	G4881	G4882	G4883	G4884																					
F1222	G4885	G4886	G4887	G4888																					
F1223	G4889	G4890	G4891	G4892																					
F1224	G4893	G4894	G4895	G4896																					
F1225	G4897	G4898	G4899	G4900																					
F1226	G4901	G4902	G4903	G4904																					
F1227	G4905	G4906	G4907	G4908																					
F1228	G4909	G4910	G4911	G4912																					
F1229	G4913	G4914	G4915	G4916																					
F1230	G4917	G4918	G4919	G4920																					
F1231	G4921	G4922	G4923	G4924																					
F1232	G4925	G4926	G4927	G4928																					
F1233	G4929	G4930	G4931	G4932																					
F1234	G4933	G4934	G4935	G4936																					
F1235	G4937	G4938	G4939	G4940																					
F1236	G4941	G4942	G4943	G4944																					
F1237	G4945	G4946	G4947	G4948																					
F1238	G4949	G4950	G4951	G4952																					
F1239	G4953	G4954	G4955	G4956																					
F1240	G4957	G4958	G4959	G4960																					
F1241	G4961	G4962	G4963	G4964																					
F1242	G4965	G4966	G4967	G4968																					
F1243	G4969	G4970	G4971	G4972																					
F1244	G4973	G4974	G4975	G4976																					
F1245	G4977	G4978	G4979	G4980																					
F1246	G4981	G4982	G4983	G4984																					
F1247	G4985	G4986	G4987	G4988																					
F1248	G4989	G4990	G4991	G4992																					
F1249	G4993	G4994	G4995	G4996																					
F1250	G4997	G4998	G4999	G5000																					
F1251	G5001	G5002	G5003	G5004																					
F1252	G5005	G5006	G5007	G5008																					
F1253	G5009	G5010	G5011	G5012																					
F1254	G5013	G5014	G5015	G5016																					
F1255	G5017	G5018	G5019	G5020																					
F1256	G5021	G5022	G5023	G5024																					
F1257	G5025	G5026	G5027	G5028																					
F1258	G5029	G5030	G5031	G5032																					
F1259	G5033	G5034	G5035	G5036																					
F1260	G5037	G5038	G5039	G5040																					
F1261	G5041	G5042	G5043	G5044																					
F1262	G5045	G5046	G5047	G5048																					
F1263	G5049	G5050	G5051	G5052																					
F1264	G5053	G5054	G5055	G5056																					
F1265	G5057	G5058	G5059	G5060																					
F1266	G5061	G5062	G5063	G5064																					
F1267	G5065	G5066	G5067	G5068																					
F1268	G5069	G5070	G5071	G5072																					
F1269	G5073	G5074	G5075	G5076																					
F1270	G5077	G5078	G5079	G5080																					
F1271	G5081	G5082	G5083	G5084																					
F1272	G5085	G5086	G5087	G5088																					
F1273	G5089	G5090	G5091	G5092																					
F1274	G5093	G5094	G5095	G5096																					
F1275	G5097	G5098	G5099	G5100																					
F1276	G5101	G5102	G5103	G5104																					
F1277	G5105	G5106	G5107	G5108																					
F1278	G5109	G5110	G5111	G5112																					
F1279	G5113	G5114	G5115	G5116																					
F1280	G5117	G5118	G5119	G5120																					
F1281	G5121	G5122	G5123	G5124																					
F1282	G5125	G5126	G5127	G5128																					
F1283	G5129	G5130	G5131	G5132																					
F1284	G5133	G5134	G5135	G5136																					
F1285	G5137	G5138	G5139	G5140																					
F1286	G5141	G5142	G5143	G5144																					
F1287	G5145	G5146	G5147	G5148																					
F1288	G5149	G5150	G5151	G5152																					
F1289	G5153	G5154	G5155	G5156																					
F1290	G5157	G5158	G5159	G5160																					
F1291	G5161	G5162	G5163	G5164																					
F1292	G5165	G5166	G5167	G5168																					
F1293	G5169	G5170	G5171	G5172																					
F1294	G5173	G5174	G5175	G5176																					
F1295	G5177	G5178	G5179	G5180																					
F1296	G5181	G5182	G5183	G5184																					
F1297	G5185	G5186	G5187	G5188																					
F1298	G5189	G5190	G5191	G5192																					
F1299	G5193	G5194	G5195	G5196																					
F1300	G5197	G5198	G5199	G5200																					
F1301	G5201	G5202	G5203	G5204																					
F1302	G5205	G5206	G5207	G5208																					
F1303	G5209	G5210	G5211	G5212																					
F1304	G5213	G5214	G5215	G5216																					
F1305	G5217	G5218	G5219	G5220																					
F1306	G5221	G5222	G5223	G5224																					
F1307	G5225	G5226	G5227	G5228																					
F1308	G5229	G5230	G5231	G5232																					
F1309	G5233	G5234	G5235	G5236																					
F1310	G5237	G5238	G5239	G5240																					
F1311	G5241	G5242	G5243	G5244																					
F1312	G5245	G5246	G5247	G5248																					
F1313	G5249	G5250	G5251	G5252																					
F1314	G5253	G5254	G5255	G5256																					
F1315	G5257	G5258	G5259	G5260																					
F1316	G5261	G5262	G5263	G5264																					
F1317	G5265	G5266	G5267	G5268																					
F1318	G5269	G5270	G5271	G5272																					
F1319	G5273	G5274	G5275	G5276																					
F1320	G5277	G5278	G5279	G5280																					
F1321	G5281	G5282	G5283	G5284																					
F1322	G5285	G5286	G5287	G5288																					
F1323	G5289	G5290	G5291	G5292																					
F1324	G5293	G5294	G5295	G5296																					
F1325	G5297	G5298	G5299	G5300																					
F1326	G5301	G5302	G5303	G5304																					
F1327	G5305	G5306	G5307	G5308																					
F1328	G5309	G5310	G5311	G5312																					
F1329	G5313	G5314	G5315	G5316																					
F1330	G5317	G5318	G5319	G5320																					
F1331	G5321	G5322	G5323	G5324																					
F1332	G5325	G5326	G5327	G5328																					
F1333	G5329	G5330	G5331	G5332																					
F1334	G5333	G5334	G5335	G5336																					
F1335	G5337	G5338	G5339	G5340																					
F1336	G5341	G5342	G5343	G5344																					
F1337	G5345	G5346	G5347	G5348																					
F1338	G5349	G5350	G5351	G5352																					
F1339	G5353	G5354	G5355	G5356																					
F1340	G5357	G5358	G5359	G5360																					
F1341	G5361	G5362	G5363	G5364																					
F1342	G5365	G5366	G5367	G5368																					
F1343	G5369	G5370	G5371	G5372																					
F1344	G5373	G5374	G5375	G5376																					
F1345	G5377	G5378	G5379	G5380																					
F1346	G5381	G5382	G5383	G5384																					
F1347	G5385	G5386	G5387	G5388																					
F1348	G5389	G5390	G5391	G5392																					
F1349	G5393	G5394	G5395	G5396																					
F1350	G5397	G5398	G5399	G5400																					
F1351	G5401	G5402	G5403	G5404																					
F1352	G5405	G5406	G5407	G5408																					
F1353	G5409	G5410	G5411	G5412																					
F1354	G5413	G5414	G5415	G5416																					
F1355	G5417	G5418	G5419	G5420																					
F1356	G5421	G5422	G5423	G5424																					
F1357	G5425	G5426	G5427	G5428																					
F1358	G5429	G5430	G5431	G5432																					
F1359	G5433	G5434	G5435	G5436																					
F1360	G5437	G5438	G5439	G5440																					
F1361	G5441	G5442	G5443	G5444																					
F1362	G5445	G5446	G5447	G5448																					
F1363	G5449	G5450	G5451	G5452																					
F1364	G5453	G5454	G5455	G5456																					
F1365	G5457	G5458	G5459	G5460																					
F1366	G5461	G5462	G5463	G5464																					
F1367	G5465	G5466	G5467	G5468																					
F1368	G5469	G5470	G5471	G5472																					
F1369	G5473	G5474	G5475	G5476																					
F1370	G5477	G5478	G5479	G5480																					
F1371	G5481	G5482	G5483	G5484																					
F1372	G5485	G5486	G5487	G5488																					
F1373	G5489	G5490	G5491	G5492																					
F1374	G5493	G5494	G5495	G5496																					
F1375	G5497	G5498	G5499	G5500																					
F1376	G5501	G5502	G5503	G5504																					
F1377	G5505	G5506	G5507	G5508																					
F1378	G5509	G5510	G5511	G5512																					
F1379	G5513	G5514	G5515	G5516																					
F1380	G5517	G5518	G5519	G5520																					
F1381	G5521	G5522	G5523	G5524																					
F1382	G5525	G5526	G5527	G5528																					
F1383	G5529	G5530	G5531	G5532																					
F1384	G5533	G5534	G5535	G5536																					
F1385	G5537	G5538	G5539	G5540																					
F1386	G5541	G5542	G5543	G5544																					
F1387	G5545	G5546	G5547	G5548																					
F1388	G5549	G5550	G5551	G5552																					
F1389	G5553	G5554	G5555	G5556																					
F1390	G5557	G5558	G5559	G5560																					
F1391	G5561	G5562	G5563	G5564																					
F1392	G5565	G5566	G5567	G5568																					
F1393	G5569	G5570	G5571	G5572																					
F1394	G5573	G5574	G5575	G5576																					
F1395	G5577	G5578	G5579	G5580																					
F1396	G5581	G5582	G5583	G5584																					
F1397	G5585	G5586	G5587	G5588																					
F1398	G5589	G5590	G5591	G5592																					
F1399	G5593	G5594	G5595	G5596																					
F1400	G5597	G5598	G5599	G5600																					
F1401	G5601	G5602	G5603	G5604																					
F1402	G5605	G5606	G5607	G5608																					
F1403	G5609	G5610	G5611	G5612																					
F1404	G5613	G5614	G5615	G5616																					
F1405	G5617	G5618	G5619	G5620																					
F1406	G5621	G5622	G5623	G5624																					
F1407	G5625	G5626	G5627	G5628																					
F1408	G5629	G5630	G5631	G5632																					
F1409	G5633	G5634	G5635	G5636																					
F1410	G5637	G5638	G5639	G5640																					
F1411	G5641	G5642	G5643	G5644																					
F1412	G5645	G5646	G5647	G5648																					
F1413	G5649	G5650	G5651	G5652																					
F1414	G5653	G5654	G5655	G5656																					
F1415	G5657	G5658	G5659	G5660																					
F1416	G5661	G5662	G5663	G5664																					
F1417	G5665	G5666	G5667	G5668																					
F1418	G5669	G5670	G5671	G5672																					
F1419	G5673	G5674	G5675	G5676																					
F1420	G5677	G5678	G5679	G5680																					
F1421	G5681	G5682	G5683	G5684																					
F1422	G5685	G5686	G5687	G5688																					
F1423	G5689	G5690	G5691	G5692																					
F1424	G5693	G5694	G5695	G5696																					
F1425	G5697	G5698	G5699	G5700																					
F1426	G5701	G5702	G5703	G5704																					
F1427	G5705	G5706	G5707	G5708																					
F1428	G5709	G5710	G5711	G5712																					
F1429	G5713	G5714	G5715	G5716																					
F1430	G5717	G5718	G5719	G5720																					
F1431	G5721	G5722	G5723	G5724																					
F1432	G5725	G5726	G5727	G5728																					
F1433	G5729	G5730	G5731	G5732																					
F1434	G5733	G5734	G5735	G5736																					
F1435	G5737	G5738	G5739	G5740																					
F1436	G5741	G5742	G5743	G5744																					
F1437	G5745	G5746	G5747	G5748																					
F1438	G5749	G5750	G5751	G5752																					
F1439	G5753	G5754	G5755	G5756																					
F1440	G5757	G5758	G5759	G5760																					
F1441	G5761	G5762	G5763	G5764																					
F1442	G5765	G5766	G5767	G5768																					
F1443	G5769	G5770	G5771	G5772																					
F1444	G5773	G5774	G5775	G5776																					
F1445	G5777	G5778	G5779	G5780																					
F1446	G5781	G5782	G5783	G5784																					
F1447	G5785	G5786	G5787	G5788																					
F1448	G5789	G5790	G5791	G5792																					
F1449	G5793	G5794	G5795	G5796																					
F1450	G5797	G5798	G5799	G5800																					
F1451	G5801	G5802	G5803	G5804																					
F1452	G5805	G5806	G5807	G5808																					
F1453	G5809	G5810	G5811	G5812																					
F1454	G5813	G5814	G5815	G5816																					
F1455	G5817	G5818	G5819	G5820																					
F1456	G5821	G5822	G5823	G5824																					
F1457	G5825	G5826	G5827	G5828																					
F1458	G5829	G5830	G5831	G5832																					
F1459	G5833	G5834	G5835	G5836																					
F1460	G5837	G5838	G5839	G5840																					
F1461	G5841	G5842	G5843	G5844																					
F1462	G5845	G5846	G5847	G5848																					
F1463	G5849	G5850	G5851	G5852																					
F1464	G5853	G5854	G5855	G5856																					
F1465	G5857	G5858	G5859	G5860																					
F1466	G5861	G5862	G5863	G5864																					
F1467	G5865	G5866	G5867	G5868																					
F1468	G5869	G5870	G5871	G5872																					
F1469	G5873	G5874	G5875	G5876																					
F1470	G5877	G5878	G5879	G5880																					
F1471	G5881	G5882	G5883	G5884																					
F1472	G5885	G5886	G5887	G5888																					
F1473	G5889	G5890	G5891	G5892																					
F1474	G5893	G5894	G5895	G5896																					
F1475	G5897	G5898	G5899	G5900																					
F1476	G5901	G5902	G5903	G5904																					
F1477	G5905	G5906	G5907	G5908																					
F1478	G5909	G5910	G5911	G5912																					
F1479	G5913	G5914	G5915	G5916																					
F1480	G5917	G5918	G5919	G5920																					
F1481	G5921	G5922	G5923	G5924																					
F1482	G5925	G5926	G5927	G5928																					
F1483	G5929	G5930	G5931	G5932																					
F1484	G5933	G5934	G5935	G5936																					
F1485	G5937	G5938	G5939	G5940																					
F1486	G5941	G5942	G5943	G5944																					
F1487	G5945	G5946	G5947	G5948																					
F1488	G5949	G5950	G5951	G5952																					
F1489	G5953	G5954	G5955	G5956																					
F1490	G5957	G5958	G5959	G5960																					
F1491	G5961	G5962	G5963	G5964																					
F1492	G5965	G5966	G5967	G5968																					
F1493	G5969	G5970	G5971	G5972																					
F1494	G5973	G5974	G5975	G5976																					
F1495	G5977	G5978	G5979	G5980																					
F1496	G5981	G5982	G5983	G5984																					
F1497	G5985	G5986	G5987	G5988																					
F1498	G5989	G5990	G5991	G5992																					
F1499	G5993	G5994	G5995	G5996																					
F1500	G5997	G5998	G5999	G6000																					
F1501	G6001	G6002	G6003	G6004																					
F1502	G6005	G6006	G6007	G6008																					
F1503	G6009	G6010	G6011	G6012																					
F1504	G6013	G6014	G6015	G6016																					
F1505	G6017	G6018	G6019	G6020																					
F1506	G6021	G6022	G6023	G6024																					
F1507	G6025	G6026	G6027	G6028																					
F1508	G6029	G6030	G6031	G6032																					
F1509	G6033	G6034	G6035	G6036																					
F1510	G6037	G6038	G6039	G6040																					
F1511	G6041	G6042	G6043	G6044																					
F1512	G6045	G6046	G6047	G6048																					
F1513	G6049	G6050	G6051	G6052																					
F1514	G6053	G6054	G6055	G6056																					
F1515	G6057	G6058	G6059	G6060																					
F1516	G6061	G6062	G6063	G6064																					
F1517	G6065	G6066	G6067	G6068																					
F1518	G6069	G6070	G6071	G6072																					
F1519	G6073	G6074	G6075	G6076																					
F1520	G6077	G6078	G6079	G6080																					
F1521	G6081	G6082	G6083	G6084																					
F1522	G6085	G6086	G6087	G6088																					
F1523	G6089	G6090	G6091	G6092																					
F1524	G6093	G6094	G6095	G6096																					
F1525	G6097	G6098	G6099	G6100																					
F1526	G6101	G6102	G6103	G6104																					
F1527	G6105	G6106	G6107	G6108																					
F1528	G6109	G6110	G6111	G6112																					
F1529	G6113	G6114	G6115	G6116																					
F1530	G6117	G6118	G6119	G6120																					
F1531	G6121	G6122	G6123	G6124																					
F1532	G6125	G6126	G6127	G6128																					
F1533	G6129	G6130	G6131	G6132																					
F1534	G6133	G6134	G6135	G6136																					
F1535	G6137	G6138	G6139	G6140																					
F1536	G6141	G6142	G6143	G6144																					
F1537	G6145	G6146	G6147	G6148																					
F1538	G6149	G6150	G6151	G6152																					
F1539	G6153	G6154	G6155	G6156																					
F1540	G6157	G6158	G6159	G6160																					
F1541	G6161	G6162	G6163	G6164																					
F1542	G6165	G6166	G6167	G6168																					
F1543	G6169	G6170	G6171	G6172																					
F1544	G6173	G6174	G6175	G6176																					
F1545	G6177	G6178	G6179	G6180																					
F1546	G6181	G6182	G6183	G6184																					
F1547	G6185	G6186	G6187	G6188																					
F1548	G6189	G6190	G6191	G6192																					
F1549	G6193	G6194	G6195	G6196																					
F1550	G6197	G6198	G6199	G6200																					
F1551	G6201	G6202	G6203	G6204																					
F1552	G6205	G6206	G6207	G6208																					
F1553	G6209	G6210	G6211	G6212																					
F1554	G6213	G6214	G6215	G6216																					
F1555	G6217	G6218	G6219	G6220																					
F1556	G6221	G6222	G6223	G6224																					
F1557	G6225	G6226	G6227	G6228																					
F1558	G6229	G6230	G6231	G6232																					
F1559	G6233	G6234	G6235	G6236																					
F1560	G6237	G6238	G6239	G6240																					
F1561	G6241	G6242	G6243	G6244																					
F1562	G6245	G6246	G6247	G6248																					
F1563	G6249	G6250	G6251	G6252																					
F1564	G6253	G6254	G6255	G6256																					
F1565	G6257	G6258	G6259	G6260																					
F1566	G6261	G6262	G6263	G6264																					
F1567	G6265	G6266	G6267	G6268																					
F1568	G6269	G6270	G6271	G6272																					
F1569	G6273	G6274	G6275	G6276																					
F1570	G6277	G6278	G6279	G6280																					
F1571	G6281	G6282	G6283	G6284																					
F1572	G6285	G6286	G6287	G6288																					
F1573	G6289	G6290	G6291	G6292																					
F1574	G6293	G6294	G6295	G6296																					
F1575	G6297	G6298	G6299	G6300																					
F1576	G6301	G6302	G6303	G6304																					
F1577	G6305	G6306	G6307	G6308																					
F1578	G6309	G6310	G6311	G6312																					
F1579	G6313	G6314	G6315	G6316																					
F1580	G6317	G6318	G6319	G6320																					
F1581	G6321	G6322	G6323	G6324																					
F1582	G6325	G6326	G6327	G6328																					
F1583	G6329	G6330	G6331	G6332																					
F1584	G6333	G6334	G6335	G6336																					
F1585	G6337	G6338	G6339	G6340																					
F1586	G6341	G6342	G6343	G6344																					
F1587	G6345	G6346	G6347	G6348																					
F1588	G6349	G6350	G6351	G6352																					
F1589	G6353	G6354	G6355	G6356																					
F1590	G6357	G6358	G6359	G6360																					
F1591	G6361	G6362	G6363	G6364																					
F1592	G6365	G6366	G6367	G6368																					
F1593	G6369	G6370	G6371	G6372																					
F1594	G6373	G6374	G6375	G6376																					
F1595	G6377	G6378	G6379	G6380																					
F1596	G6381	G6382	G6383	G6384																					
F1597	G6385	G6386	G6387	G6388																					
F1598	G6389	G6390	G6391	G6392																					
F1599	G6393	G6394	G6395	G6396																					
F1600	G6397	G6398	G6399	G6400																					
F1601	G6401	G6402	G6403	G6404																					
F1602	G6405	G6406	G6407	G6408																					
F1603	G6409	G6410	G6411	G6412																					
F1604	G6413	G6414	G6415	G6416																					
F1605	G6417	G6418	G6419	G6420																					
F1606	G6421	G6422	G6423	G6424																					
F1607	G6425	G6426	G6427	G6428																					
F1608	G6429	G6430	G6431	G6432																					
F1609	G6433	G6434	G6435	G6436																					
F1610	G6437	G6438	G6439	G6440																					
F1611	G6441	G6442	G6443	G6444																					
F1612	G6445	G6446	G6447	G6448																					
F1613	G6449	G6450	G6451	G6452																					
F1614	G6453	G6454	G6455	G6456																					
F1615	G6457	G6458	G6459	G6460																					
F1616	G6461	G6462	G6463	G6464																					
F1617	G6465	G6466	G6467	G6468																					
F1618	G6469	G6470	G6471	G6472																					
F1619	G6473	G6474	G6475	G6476																					
F1620	G6477	G6478	G6479	G6480																					
F1621	G6481	G6482	G6483	G6484																					
F1622	G6485	G6486	G6487	G6488																					
F1623	G6489	G6490	G6491	G6492																					
F1624	G6493	G6494	G6495	G6496																					
F1625	G6497	G6498	G6499	G6500																					
F1626	G6501	G6502	G6503	G6504																					
F1627	G6505	G6506	G6507	G6508																					
F1628	G6509	G6510	G6511	G6512																					
F1629	G6513	G6514	G6515	G6516																					
F1630	G6517	G6518	G6519	G6520																					
F1631	G6521	G6522	G6523	G6524																					
F1632	G6525	G6526	G6527	G6528																					
F1633	G6529	G6530	G6531	G6532																					
F1634	G6533	G6534	G6535	G6536																					
F1635	G6537	G6538	G6539	G6540																					
F1636	G6541	G6542	G6543	G6544																					
F1637	G6545	G6546	G6547	G6548																					
F1638	G6549	G6550	G6551	G6552																					
F1639	G6553	G6554	G6555	G6556																					
F1640	G6557	G6558	G6559	G6560																					
F1641	G6561	G6562	G6563	G6564																					
F1642	G6565	G6566	G6567	G6568																					
F1643	G6569	G6570	G6571	G6572																					
F1644	G6573	G6574	G6575	G6576																					
F1645	G6577	G6578	G6579	G6580																					
F1646	G6581	G6582	G6583	G6584																					
F1647	G6585	G6586	G6587	G6588																					
F1648	G6589	G6590	G6591	G6592																					
F1649	G6593	G6594	G6595	G6596																					
F1650	G6597	G6598	G6599	G6600																					
F1651	G6601	G6602	G6603	G6604																					
F1652	G6605	G6606	G6607	G6608																					
F1653	G6609	G6610	G6611	G6612																					
F1654	G6613	G6614	G6615	G6616																					
F1655	G6617	G6618	G6619	G6620																					
F1656	G6621	G6622	G6623	G6624																					
F1657	G6625	G6626	G6627	G6628																					
F1658	G6629	G6630	G6631	G6632																					
F1659	G6633	G6634	G6635	G6636																					
F1660	G6637	G6638	G6639	G6640																					
F1661	G6641	G6642	G6643	G6644																					
F1662	G6645	G6646	G6647	G6648																					
F1663	G6649	G6650	G6651	G6652																					
F1664	G6653	G6654	G6655	G6656																					
F1665	G6657	G6658	G6659	G6660																					
F1666	G6661	G6662	G6663	G6664																					
F1667	G6665	G6666	G6667	G6668																					
F1668	G6669	G6670	G6671	G6672																					
F1669	G6673	G6674	G6675	G6676																					
F1670	G6677	G6678	G6679	G6680																					
F1671	G6681	G6682	G6683	G6684																					
F1672	G6685	G6686	G6687	G6688																					
F1673	G6689	G6690	G6691	G6692																					
F1674	G6693	G6694	G6695	G6696																					
F1675	G6697	G6698	G6699	G6700																					
F1676	G6701	G6702	G6703	G6704																					
F1677	G6705	G6706	G6707	G6708																					
F1678	G6709	G6710	G6711	G6712																					
F1679	G6713	G6714	G6715	G6716																					
F1680	G6717	G6718	G6719	G6720																					
F1681	G6721	G6722	G6723	G6724																					
F1682	G6725	G6726	G6727	G6728																					
F1683	G6729	G6730	G6731	G6732																					
F1684	G6733	G6734	G6735	G6736																					
F1685	G6737	G6738	G6739	G6740																					
F1686	G6741	G6742	G6743	G6744																					
F1687	G6745	G6746	G6747	G6748																					
F1688	G6749	G6750	G6751	G6752																					
F1689	G6753	G6754	G6755	G6756																					
F1690	G6757	G6758	G6759	G6760																					
F1691	G6761	G6762	G6763	G6764																					
F1692	G6765	G6766	G6767	G6768																					
F1693	G6769	G6770	G6771	G6772																					
F1694	G6773	G6774	G6775	G6776																					
F1695	G6777	G6778	G6779	G6780																					
F1696	G6781	G6782	G6783	G6784																					
F1697	G6785	G6786	G6787	G6788																					
F1698	G6789	G6790	G6791	G6792																					
F1699	G6793	G6794	G6795	G6796																					
F1700	G6797	G6798	G6799	G6800																					
F1701	G6801	G6802	G6803	G6804																					
F1702	G6805	G6806	G6807	G6808																					
F1703	G6809	G6810	G6811	G6812																					
F1704	G6813	G6814	G6815	G6816																					
F1705	G6817	G6818	G6819	G6820																					
F1706	G6821	G6822	G6823	G6824																					
F1707	G6825	G6826	G6827	G6828																					
F1708	G6829	G6830	G6831	G6832																					
F1709	G6833	G6834	G6835	G6836																					
F1710	G6837	G6838	G6839	G6840																					
F1711	G6841	G6842	G6843	G6844																					
F1712	G6845	G6846	G6847	G6848																					
F1713	G6849	G6850	G6851	G6852																					
F1714	G6853	G6854	G6855	G6856																					
F1715	G6857	G6858	G6859	G6860																					
F1716	G6861	G6862	G6863	G6864																					
F1717	G6865	G6866	G6867	G6868																					
F1718	G6869	G6870	G6871	G6872																					
F1719	G6873	G6874	G6875	G6876																					
F1720	G6877	G6878	G6879	G6880																					
F1721	G6881	G6882	G6883	G6884																					
F1722	G6885	G6886	G6887	G6888																					
F1723	G6889	G6890	G6891	G6892																					
F1724	G6893	G6894	G6895	G6896																					
F1725	G6897	G6898	G6899	G6900																					
F1726	G6901	G6902	G6903	G6904																					
F1727	G6905	G6906	G6907	G6908																					
F1728	G6909	G6910	G6911	G6912																					
F1729	G6913	G6914	G6915	G6916																					
F1730	G6917	G6918	G6919	G6920																					
F1731	G6921	G6922	G6923	G6924																					
F1732	G6925	G6926	G6927	G6928																					
F1733	G6929	G6930	G6931	G6932																					
F1734	G6933	G6934	G6935	G6936																					
F1735	G6937	G6938	G6939	G6940																					
F1736	G6941	G6942	G6943	G6944																					
F1737	G6945	G6946	G6947	G6948																					
F1738	G6949	G6950	G6951	G6952																					
F1739	G6953	G6954	G6955	G6956																					
F1740	G6957	G6958	G6959	G6960																					
F1741	G6961	G6962	G6963	G6964																					
F1742	G6965	G6966	G6967	G6968																					
F1743	G6969	G6970	G6971	G6972																					
F1744	G6973	G6974	G6975	G6976																					
F1745	G6977	G6978	G6979	G6980																					
F1746	G6981	G6982	G6983	G6984																					
F1747	G6985	G6986	G6987	G6988																					
F1748	G6989	G6990	G6991	G6992																					
F1749	G6993	G6994	G6995	G6996																					
F1750	G6997	G6998	G6999	G7000																					
F1751	G7001	G7002	G7003	G7004																					
F1752	G7005	G7006	G7007	G7008																					
F1753	G7009	G7010	G7011	G7012																					
F1754	G7013	G7014	G7015	G7016																					
F1755	G7017	G7018	G7019	G7020																					
F1756	G7021	G7022	G7023	G7024																					
F1757	G7025	G7026	G7027	G7028																					
F1758	G7029	G7030	G7031	G7032																					
F1759	G7033	G7034	G7035	G7036																					
F1760	G7037	G7038	G7039	G7040																					
F1761	G7041	G7042	G7043	G7044																					
F1762	G7045	G7046	G7047	G7048																					
F1763	G7049	G7050	G7051	G7052																					
F1764	G7053	G7054	G7055	G7056																					
F1765	G7057	G7058	G7059	G7060																					
F1766	G7061	G7062	G7063	G7064																					
F1767	G7065	G7066	G7067	G7068																					
F1768	G7069	G7070	G7071	G7072																					
F1769	G7073	G7074	G7075	G7076																					
F1770	G7077	G7078	G7079	G7080																					
F1771	G7081	G7082	G7083	G7084																					
F1772	G7085	G7086	G7087	G7088																					
F1773	G7089	G7090	G7091	G7092																					
F1774	G7093	G7094	G7095	G7096																					
F1775	G7097	G7098	G7099	G7100																					
F1776	G7101	G7102	G7103	G7104																					
F1777	G7105	G7106	G7107	G7108																					
F1778	G7109	G7110	G7111	G7112																					
F1779	G7113	G7114	G7115	G7116																					
F1780	G7117	G7118	G7119	G7120																					
F1781	G7121	G7122	G7123	G7124																					
F1782	G7125	G7126	G7127	G7128																					
F1783	G7129	G7130	G7131	G7132																					
F1784	G7133	G7134	G7135	G7136																					
F1785	G7137	G7138	G7139	G7140																					
F1786	G7141	G7142	G7143	G7144																					
F1787	G7145	G7146	G7147	G7148																					
F1788	G7149	G7150	G7151	G7152																					
F1789	G7153	G7154	G7155	G7156																					
F1790	G7157	G7158	G7159	G7160																					
F1791	G7161	G7162	G7163	G7164																					
F1792	G7165	G7166	G7167	G7168																					
F1793	G7169	G7170	G7171	G7172																					
F1794	G7173	G7174	G7175	G7176																					
F1795	G7177	G7178	G7179	G7180																					
F1796	G7181	G7182	G7183	G7184																					
F1797	G7185	G7186	G7187	G7188																					
F1798	G7189	G7190	G7191	G7192																					
F1799	G7193	G7194	G7195	G7196																					
F1800	G7197	G7198	G7199	G7200																					
F1801	G7201	G7202	G7203	G7204																					
F1802	G7205	G7206	G7207	G7208																					
F1803	G7209	G7210	G7211	G7212																					
F1804	G7213	G7214	G7215	G7216																					
F1805	G7217	G7218	G7219	G7220																					
F1806	G7221	G7222	G7223	G7224																					
F1807	G7225	G7226	G7227	G7228																					
F1808	G7229	G7230	G7231	G7232																					
F1809	G7233	G7234	G7235	G7236																					
F1810	G7237	G7238	G7239	G7240																					
F1811	G7241	G7242	G7243	G7244																					
F1812	G7245	G7246	G7247	G7248																					
F1813	G7249	G7250	G7251	G7252																					
F1814	G7253	G7254	G7255	G7256																					
F1815	G7257	G7258	G7259	G7260																					
F1816	G7261	G7262	G7263	G7264																					
F1817	G7265	G7266	G7267	G7268																					
F1818	G7269	G7270	G7271	G7272																					
F1819	G7273	G7274	G7275	G7276																					
F1820	G7277	G7278	G7279	G7280																					
F1821	G7281	G7282	G7283	G7284																					
F1822	G7285	G7286	G7287	G7288																					
F1823	G7289	G7290	G7291	G7292																					
F1824	G7293	G7294	G7295	G7296																					
F1825	G7297	G7298	G7299	G7300																					
F1826	G7301	G7302	G7303	G7304																					
F1827	G7305	G7306	G7307	G7308																					
F1828	G7309	G7310	G7311	G7312																					
F1829	G7313	G7314	G7315	G7316																					
F1830	G7317	G7318	G7319	G7320																					
F1831	G7321	G7322	G7323	G7324																					
F1832	G7325	G7326	G7327	G7328																					
F1833	G7329	G7330	G7331	G7332																					
F1834	G7333	G7334	G7335	G7336																					
F1835	G7337	G7338	G7339	G7340																					
F1836	G7341	G7342	G7343	G7344																					
F1837	G7345	G7346	G7347	G7348																					
F1838	G7349	G7350	G7351	G7352																					
F1839	G7353	G7354	G7355	G7356																					
F1840	G7357	G7358	G7359	G7360																					
F1841	G7361	G7362	G7363	G7364																					
F1842	G7365	G7366	G7367	G7368																					
F1843	G7369	G7370	G7371	G7372																					
F1844	G7373	G7374	G7375	G7376																					
F1845	G7377	G7378	G7379	G7380																					
F1846	G7381	G7382	G7383	G7384																					
F1847	G7385	G7386	G7387	G7388																					
F1848	G7389	G7390	G7391	G7392																					
F1849	G7393	G7394	G7395	G7396																					
F1850	G7397	G7398	G7399	G7400																					
F1851	G7401	G7402	G7403	G7404																					
F1852	G7405	G7406	G7407	G7408																					
F1853	G7409	G7410	G7411	G7412																					
F1854	G7413	G7414	G7415	G7416																					
F1855	G7417	G7418	G7419	G7420																					
F1856	G7421	G7422	G7423	G7424																					
F1857	G7425	G7426	G7427	G7428																					
F1858	G7429	G7430	G7431	G7432																					
F1859	G7433	G7434	G7435	G7436																					
F1860	G7437	G7438	G7439	G7440																					
F1861	G7441	G7442	G7443	G7444																					
F1862	G7445	G7446	G7447	G7448																					
F1863	G7449	G7450	G7451	G7452																					
F1864	G7453	G7454	G7455	G7456																					
F1865	G7457	G7458	G7459	G7460																					
F1866	G7461	G7462	G7463	G7464																					
F1867	G7465	G7466	G7467	G7468																					
F1868	G7469	G7470	G7471	G7472																					
F1869	G7473	G7474	G7475	G7476																					
F1870	G7477	G7478	G7479	G7480																					
F1871	G7481	G7482	G7483	G7484																					
F1872	G7485	G7486	G7487	G7488																					
F1873	G7489	G7490	G7491	G7492																					
F1874	G7493	G7494	G7495	G7496																					
F1875	G7497	G7498	G7499	G7500																					
F1876	G7501	G7502	G7503	G7504																					
F1877	G7505	G7506	G7507	G7508																					
F1878	G7509	G7510	G7511	G7512																					
F1879	G7513	G7514	G7515	G7516																					
F1880	G7517	G7518	G7519	G7520																					
F1881	G7521	G7522	G7523	G7524																					
F1882	G7525	G7526	G7527	G7528																					
F1883	G7529	G7530	G7531	G7532																					
F1884	G7533	G7534	G7535	G7536																					
F1885	G7537	G7538	G7539	G7540																					
F1886	G7541	G7542	G7543	G7544																					
F1887	G7545	G7546	G7547	G7548																					
F1888	G7549	G7550	G7551	G7552																					
F1889	G7553	G7554	G7555	G7556																					
F1890	G7557	G7558	G7559	G7560																					
F1891	G7561	G7562	G7563	G7564																					
F1892	G7565	G7566	G7567	G7568																					
F1893	G7569	G7570	G7571	G7572																					
F1894	G7573	G7574	G7575	G7576																					
F1895	G7577	G7578	G7579	G7580																					
F1896	G7581	G7582	G7583	G7584																					
F1897	G7585	G7586	G7587	G7588																					
F1898	G7589	G7590	G7591	G7592																					
F1899	G7593	G7594	G7595	G7596																					
F1900	G7597	G7598	G7599	G7600																					
F1901	G7601	G7602	G7603	G7604																					
F1902	G7605	G7606	G7607	G7608																					
F1903	G7609	G7610	G7611	G7612																					
F1904	G7613	G7614	G7615	G7616																					
F1905	G7617	G7618	G7619	G7620																					
F1906	G7621	G7622	G7623	G7624																					
F1907	G7625	G7626	G7627	G7628																					
F1908	G7629	G7630	G7631	G7632																					
F1909	G7633	G7634	G7635	G7636																					
F1910	G7637	G7638	G7639	G7640																					
F1911	G7641	G7642	G7643	G7644																					
F1912	G7645	G7646	G7647	G7648																					
F1913	G7649	G7650	G7651	G7652																					
F1914	G7653	G7654	G7655	G7656																					
F1915	G7657	G7658	G7659	G7660																					
F1916	G7661	G7662	G7663	G7664																					
F1917	G7665	G7666	G7667	G7668																					
F1918	G7669	G7670	G7671	G7672																					
F1919	G7673	G7674	G7675	G7676																					
F1920	G7677	G7678	G7679	G7680																					
F1921	G7681	G7682	G7683	G7684																					
F1922	G7685	G7686	G7687	G7688																					
F1923	G7689	G7690	G7691	G7692																					
F1924	G7693	G7694	G7695	G7696																					
F1925	G7697	G7698	G7699	G7700																					
F1926	G7701	G7702	G7703	G7704																					
F1927	G7705	G7706	G7707	G7708																					
F1928	G7709	G7710	G7711	G7712																					
F1929	G7713	G7714	G7715	G7716																					
F1930	G7717	G7718	G7719	G7720																					
F1931	G7721	G7722	G7723	G7724																					
F1932	G7725	G7726	G7727	G7728																					
F1933	G7729	G7730	G7731	G7732																					
F1934	G7733	G7734	G7735	G7736																					
F1935	G7737	G7738	G7739	G7740																					
F1936	G7741	G7742	G7743	G7744																					
F1937	G7745	G7746	G7747	G7748																					
F1938	G7749	G7750	G7751	G7752																					
F1939	G7753	G7754	G7755	G7756																					
F1940	G7757	G7758	G7759	G7760																					
F1941	G7761	G7762	G7763	G7764																					
F1942	G7765	G7766	G7767	G7768																					
F1943	G7769	G7770	G7771	G7772																					
F1944	G7773	G7774	G7775	G7776																					
F1945	G7777	G7778	G7779	G7780																					
F1946	G7781	G7782	G7783	G7784																					
F1947	G7785	G7786	G7787	G7788																					
F1948	G7789	G7790	G7791	G7792																					
F1949	G7793	G7794	G7795	G7796																					
F1950	G7797	G7798	G7799	G7800																					
F1951	G7801	G7802	G7803	G7804																					
F1952	G7805	G7806	G7807	G7808																					
F1953	G7809	G7810	G7811	G7812																					
F1954	G7813	G7814	G7815	G7816																					
F1955	G7817	G7818	G7819	G7820																					
F1956	G7821	G7822	G7823	G7824																					
F1957	G7825	G7826	G7827	G7828																					
F1958	G7829	G7830	G7831	G7832																					
F1959	G7833	G7834	G7835	G7836																					
F1960	G7837	G7838	G7839	G7840																					
F1961	G7841	G7842	G7843	G7844																					
F1962	G7845	G7846	G7847	G7848																					
F1963	G7849	G7850	G7851	G7852																					
F1964	G7853	G7854	G7855	G7856																					
F1965	G7857	G7858	G7859	G7860																					
F1966	G7861	G7862	G7863	G7864																					
F1967	G7865	G7866	G7867	G7868																					
F1968	G7869	G7870	G7871	G7872																					
F1969	G7873	G7874	G7875	G7876																					
F1970	G7877	G7878	G7879	G7880																					
F1971	G7881	G7882	G7883	G7884																					
F1972	G7885	G7886	G7887	G7888																					
F1973	G7889	G7890	G7891	G7892																					
F1974	G7893	G7894	G7895	G7896																					
F1975	G7897	G7898	G7899	G7900																					
F1976	G7901	G7902	G7903	G7904																					
F1977	G7905	G7906	G7907	G7908																					
F1978	G7909	G7910	G7911	G7912																					
F1979	G7913	G7914	G7915	G7916																					
F1980	G7917	G7918	G7919	G7920																					
F1981	G7921	G7922	G7923	G7924																					
F1982	G7925	G7926	G7927	G7928																					
F1983	G7929	G7930	G7931	G7932																					
F1984	G7933	G7934	G7935	G7936																					
F1985	G7937	G7938	G7939	G7940																					
F1986	G7941	G7942	G7943	G7944																					
F1987	G7945	G7946	G7947	G7948																					
F1988	G7949	G7950	G7951	G7952																					
F1989	G7953	G7954	G7955	G7956																					
F1990	G7957	G7958	G7959	G7960																					
F1991	G7961	G7962	G7963	G7964																					
F1992	G7965	G7966	G7967	G7968																					
F1993	G7969	G7970	G7971	G7972																					
F1994	G7973	G7974	G7975	G7976																					
F1995	G7977	G7978	G7979	G7980																					
F1996	G7981	G7982	G7983	G7984																					
F1997	G7985	G7986	G7987	G7988																					
F1998	G7989	G7990	G7991	G7992																					
F1999	G7993	G7994	G7995	G7996																					
F2000	G7997	G7998	G7999	G8000																					
F2001	G8001	G8002	G8003	G8004																					
F2002	G8005	G8006	G8007	G8008																					
F2003	G8009	G8010	G8011	G8012																					
F2004	G8013	G8014	G8015	G8016																					
F2005	G8017	G8018	G8019	G8020																					
F2006	G8021	G8022	G8023	G8024																					
F2007	G8025	G8026	G8027	G8028																					
F2008	G8029	G8030	G8031	G8032																					
F2009	G8033	G8034	G8035	G8036																					
F2010	G8037	G8038	G8039	G8040																					
F2011	G8041	G8042	G8043	G8044																					
F2012	G8045	G8046	G8047	G8048																					
F2013	G8049	G8050	G8051	G8052																					
F2014	G8053	G8054	G8055	G8056																					
F2015	G8057	G8058	G8059	G8060																					
F2016	G8061	G8062	G8063	G8064																					
F2017	G8065	G8066	G8067	G8068																					
F2018	G8069	G8070	G8071	G8072																					
F2019	G8073	G8074	G8075	G8076																					
F2020	G8077	G8078	G8079	G8080																					
F2021	G8081	G8082	G8083	G8084																					
F2022	G8085	G8086	G8087	G8088																					
F2023	G8089	G8090	G8091	G8092																					
F2024	G8093	G8094	G8095	G8096																					
F2025	G8097	G8098	G8099	G8100																					
F2026	G8101	G8102	G8103	G8104																					
F2027	G8105	G8106	G8107	G8108																					
F2028	G8109	G8110	G8111	G8112																					
F2029	G8113	G8114	G8115	G8116																					
F2030	G8117	G8118	G8119	G8120																					
F2031	G8121	G8122	G8123	G8124																					
F2032	G8125	G8126	G8127	G8128																					
F2033	G8129	G8130	G8131	G8132																					
F2034	G8133	G8134	G8135	G8136																					
F2035	G8137	G8138	G8139	G8140																					
F2036	G8141	G8142	G8143	G8144																					
F2037	G8145	G8146	G8147	G8148																					
F2038	G8149	G8150	G8151	G8152																					
F2039	G8153	G8154	G8155	G8156																					
F2040	G8157	G8158	G8159	G8160																					
F2041	G8161	G8162	G8163	G8164																					
F2042	G8165	G8166	G8167	G8168																					
F2043	G8169	G8170	G8171	G8172																					
F2044	G8173	G8174	G8175	G8176																					
F2045	G8177	G8178	G8179	G8180																					
F2046	G8181	G8182	G8183	G8184																					
F2047	G8185	G8186	G8187	G8188																					
F2048	G8189	G8190	G8191	G8192																					
F2049	G8193	G8194	G8195	G8196																					
F2050	G8197	G8198	G8199	G8200																					
F2051	G8201	G8202	G8203	G8204																					
F2052	G8205	G8206	G8207	G8208																					
F2053	G8209	G8210	G8211	G8212																					
F2054	G8213	G8214	G8215	G8216																					
F2055	G8217	G8218	G8219	G8220																					
F2056	G8221	G8222	G8223	G8224																					
F2057	G8225	G8226	G8227	G8228																					
F2058	G8229	G8230	G8231	G8232																					
F2059	G8233	G8234	G8235	G8236																					
F2060	G8237	G8238	G8239	G8240																					
F2061	G8241	G8242	G8243	G8244																					
F2062	G8245	G8246	G8247	G8248																					
F2063	G8249	G8250	G8251	G8252																					
F2064	G8253	G8254	G8255	G8256																					
F2065	G8257	G8258	G8259	G8260																					
F2066	G8261	G8262	G8263	G8264																					
F2067	G8265	G8266	G8267	G8268																					
F2068	G8269	G8270	G8271	G8272																					
F2069	G8273	G8274	G8275	G8276																					
F2070	G8277	G8278	G8279	G8280																					
F2071	G8281	G8282	G8283	G8284																					
F2072	G8285	G8286	G8287	G8288																					
F2073	G8289	G8290	G8291	G8292																					
F2074	G8293	G8294	G8295	G8296																					
F2075	G8297	G8298	G8299	G8300																					
F2076	G8301	G8302	G8303	G8304																					
F2077	G8305	G8306	G8307	G8308																					
F2078	G8309	G8310	G8311	G8312																					
F2079	G8313	G8314	G8315	G8316																					
F2080	G8317	G8318	G8319	G8320																					
F2081	G8321	G8322	G8323	G8324																					
F2082	G8325	G8326	G8327	G8328																					
F2083	G8329	G8330	G8331	G8332																					
F2084	G8333	G8334	G8335	G8336																					
F2085	G8337	G8338	G8339	G8340																					
F2086	G8341	G8342	G8343	G8344																					
F2087	G8345	G8346	G8347	G8348																					
F2088	G8349	G8350	G8351	G8352																					
F2089	G8353	G8354	G8355	G8356																					
F2090	G8357	G8358	G8359	G8360																					
F2091	G8361	G8362	G8363	G8364																					
F2092	G8365	G8366	G8367	G8368																					
F2093	G8369	G8370	G8371	G8372																					
F2094	G8373	G8374	G8375	G8376																					
F2095	G8377	G8378	G8379	G8380																					
F2096	G8381	G8382	G8383	G8384																					
F2097	G8385	G8386	G8387	G8388																					
F2098	G8389	G8390	G8391	G8392																					
F2099	G8393	G8394	G8395	G8396																					
F2100	G8397	G8398	G8399	G8400																					
F2101	G8401	G8402	G8403	G8404																					
F2102	G8405	G8406	G8407	G8408																					
F2103	G8409	G8410	G8411	G8412																					
F2104	G8413	G8414	G8415	G8416																					
F2105	G8417	G8418	G8419	G8420																					
F2106	G8421	G8422	G8423	G8424																					
F2107	G8425	G8426	G8427	G8428																					
F2108	G8429	G8430	G8431	G8432																					
F2109	G8433	G8434	G8435	G8436																					
F2110	G8437	G8438	G8439	G8440																					
F2111	G8441	G8442	G8443	G8444																					
F2112	G8445	G8446	G8447	G8448																					
F2113	G8449	G8450	G8451	G8452																					
F2114	G8453	G8454	G8455	G8456																					
F2115	G8457	G8458	G8459	G8460																					
F2116	G8461	G8462	G8463	G8464																					
F2117	G8465	G8466	G8467	G8468																					
F2118	G8469	G8470	G8471	G8472																					
F2119	G8473	G8474	G8475	G8476																					
F2120	G8477	G8478	G8479	G8480																					
F2121	G8481	G8482	G8483	G8484																					
F2122	G8485	G8486	G8487	G8488																					
F2123	G8489	G8490	G8491	G8492																					
F2124	G8493	G8494	G8495	G8496																					
F2125	G8497	G8498	G8499	G8500																					
F2126	G8501	G8502	G8503	G8504																					
F2127	G8505	G8506	G8507	G8508																					
F2128	G8509	G8510	G8511	G8512																					
F2129	G8513	G8514	G8515	G8516																					
F2130	G8517	G8518	G8519	G8520																					
F2131	G8521	G8522	G8523	G8524																					
F2132	G8525	G8526	G8527	G8528																					
F2133	G8529	G8530	G8531	G8532																					
F2134	G8533	G8534	G8535	G8536																					
F2135	G8537	G8538	G8539	G8540																					
F2136	G8541	G8542	G8543	G8544																					
F2137	G8545	G8546	G8547	G8548																					
F2138	G8549	G8550	G8551	G8552																					
F2139	G8553	G8554	G8555	G8556																					
F2140	G8557	G8558	G8559	G8560																					
F2141	G8561	G8562	G8563	G8564																					
F2142	G8565	G8566	G8567	G8568																					
F2143	G8569	G8570	G8571	G8572																					
F2144	G8573	G8574	G8575	G8576																					
F2145	G8577	G8578	G8579	G8580																					
F2146	G8581	G8582	G8583	G8584																					
F2147	G8585	G8586	G8587	G8588																					
F2148	G8589	G8590	G8591	G8592																					
F2149	G8593	G8594	G8595	G8596																					
F2150	G8597	G8598	G8599	G8600																					
F2151	G8601	G8602	G8603	G8604																					
F2152	G8605	G8606	G8607	G8608																					
F2153	G8609	G8610	G8611	G8612																					
F2154	G8613	G8614	G8615	G8616																					
F2155	G8617	G8618	G8619	G8620																					
F2156	G8621	G8622	G8623	G8624																					
F2157	G8625	G8626	G8627	G8628																					
F2158	G8629	G8630	G8631	G8632																					
F2159	G8633	G8634	G8635	G8636																					
F2160	G8637	G8638	G8639	G8640																					
F2161	G8641	G8642	G8643	G8644																					
F2162	G8645	G8646	G8647	G8648																					
F2163	G8649	G8650	G8651	G8652																					
F2164	G8653	G8654	G8655	G8656																					
F2165	G8657	G8658	G8659	G8660																					
F2166	G8661	G8662	G8663	G8664																					
F2167	G8665	G8666	G8667	G8668																					
F2168	G8669	G8670	G8671	G8672																					
F2169	G8673	G8674	G8675	G8676																					
F2170	G8677	G8678	G8679	G8680																					
F2171	G8681	G8682	G8683	G8684																					
F2172	G8685	G8686	G8687	G8688																					
F2173	G8689	G8690	G8691	G8692																					
F2174	G8693	G8694	G8695	G8696																					
F2175	G8697	G8698	G8699	G8700																					
F2176	G8701	G8702	G8703	G8704																					
F2177	G8705	G8706	G8707	G8708																					
F2178	G8709	G8710	G8711	G8712																					
F2179	G8713	G8714	G8715	G8716																					
F2180	G8717	G8718	G8719	G8720																					
F2181	G8721	G8722	G8723	G8724																					
F2182	G8725	G8726	G8727	G8728																					
F2183	G8729	G8730	G8731	G8732																					
F2184	G8733	G8734	G8735	G8736																					
F2185	G8737	G8738	G8739	G8740																					
F2186	G8741	G8742	G8743	G8744																					
F2187	G8745	G8746	G8747	G8748																					
F2188	G8749	G8750	G8751	G8752																					
F2189	G8753	G8754	G8755	G8756																					
F2190	G8757	G8758	G8759	G8760																					
F2191	G8761	G8762	G8763	G8764																					
F2192	G8765	G8766	G8767	G8768																					
F2193	G8769	G8770	G8771	G8772																					
F2194	G8773	G8774	G8775	G8776																					
F2195	G8777	G8778	G8779	G8780																					
F2196	G8781	G8782	G8783	G8784																					
F2197	G8785	G8786	G8787	G8788																					
F2198	G8789	G8790	G8791	G8792																					
F2199	G8793	G8794	G8795	G8796																					
F2200	G8797	G8798	G8799	G8800																					
F2201	G8801	G8802	G8803	G8804																					
F2202	G8805	G8806	G8807	G8808																					
F2203	G8809	G8810	G8811	G8812																					
F2204	G8813	G8814	G8815	G8816																					
F2205	G8817	G8818	G8819	G8820																					
F2206	G8821	G8822	G8823	G8824																					
F2207	G8825	G8826	G8827	G8828																					
F2208	G8829	G8830	G8831	G8832																					
F2209	G8833	G8834	G8835	G8836																					
F2210	G8837	G8838	G8839	G8840																					
F2211	G8841	G8842	G8843	G8844																					
F2212	G8845	G8846	G8847	G8848																					
F2213	G8849	G8850	G8851	G8852																					
F2214	G8853	G8854	G8855	G8856																					
F2215	G8857	G8858	G8859	G8860																					
F2216	G8861	G8862	G8863	G8864																					
F2217	G8865	G8866	G8867	G8868																					
F2218	G8869	G8870	G8871	G8872																					
F2219	G8873	G8874	G8875	G8876																					
F2220	G8877	G8878	G8879	G8880																					
F2221	G8881	G8882	G8883	G8884																					
F2222	G8885	G8886	G8887	G8888																					
F2223	G8889	G8890	G8891	G8892																					
F2224	G8893	G8894	G8895	G8896																					
F2225	G8897	G8898	G8899	G8900																					
F2226	G8901	G8902	G8903	G8904																					
F2227	G8905	G8906	G8907	G8908																					
F2228	G8909	G8910	G8911	G8912																					
F2229	G8913	G8914	G8915	G8916																					
F2230	G8917	G8918	G8919	G8920																					
F2231	G8921	G8922	G8923	G8924																					
F2232	G8925	G8926	G8927	G8928																					
F2233	G8929	G8930	G8931	G8932																					
F2234	G8933	G8934	G8935	G8936																					
F2235	G8937	G8938	G8939	G8940																					
F2236	G8941	G8942	G8943	G8944																					
F2237	G8945	G8946	G8947	G8948																					
F2238	G8949	G8950	G8951	G8952																					
F2239	G8953	G8954	G8955	G8956																					
F2240	G8957	G8958	G8959	G8960																					
F2241	G8961	G8962	G8963	G8964																					
F2242	G8965	G8966	G8967	G8968																					
F2243	G8969	G8970	G8971	G8972																					
F2244	G8973	G8974	G8975	G8976																					
F2245	G8977	G8978	G8979	G8980																					
F2246	G8981	G8982	G8983	G8984																					
F2247	G8985	G8986	G8987	G8988																					
F2248	G8989	G8990	G8991	G8992																					
F2249	G8993	G8994	G8995	G8996																					
F2250	G8997	G8998	G8999	G9000																					
F2251	G9001	G9002	G9003	G9004																					
F2252	G9005	G9006	G9007	G9008																					
F2253	G9009	G9010	G9011	G9012																					
F2254	G9013	G9014	G9015	G9016																					
F2255	G9017	G9018	G9019	G9020																					
F2256	G9021	G9022	G9023	G9024																					
F2257	G9025	G9026	G9027	G9028																					
F2258	G9029	G9030	G9031	G9032																					
F2259	G9033	G9034	G9035	G9036																					
F2260	G9037	G9038	G9039	G9040																					
F2261	G9041	G9042	G9043	G9044																					
F2262	G9045	G9046	G9047	G9048																					
F2263	G9049	G9050	G9051	G9052																					
F2264	G9053	G9054	G9055	G9056																					
F2265	G9057	G9058	G9059	G9060																					
F2266	G9061	G9062	G9063	G9064																					
F2267	G9065	G9066	G9067	G9068																					
F2268	G9069	G9070	G9071	G9072																					
F2269	G9073	G9074	G9075	G9076																					
F2270	G9077	G9078	G9079	G9080																					
F2271	G9081	G9082	G9083	G9084																					
F2272	G9085	G9086	G9087	G9088																					
F2273	G9089	G9090	G9091	G9092																					
F2274	G9093	G9094	G9095	G9096																					
F2275	G9097	G9098	G9099	G9100																					
F2276	G9101	G9102	G9103	G9104																					
F2277	G9105	G9106	G9107	G9108																					
F2278	G9109	G9110	G9111	G9112																					
F2279	G9113	G9114	G9115	G9116																					
F2280	G9117	G9118	G9119	G9120																					
F2281	G9121	G9122	G9123	G9124																					
F2282	G9125	G9126	G9127	G9128																					
F2283	G9129	G9130	G9131	G9132																					
F2284	G9133	G9134	G9135	G9136																					
F2285	G9137	G9138	G9139	G9140																					
F2286	G9141	G9142	G9143	G9144																					
F2287	G9145	G9146	G9147	G9148																					
F2288	G9149	G9150	G9151	G9152																					
F2289	G9153	G9154	G9155	G9156																					
F2290	G9157	G9158	G9159	G9160																					
F2291	G9161	G9162	G9163	G9164																					
F2292	G9165	G9166	G9167	G9168																					
F2293	G9169	G9170	G9171	G9172																					
F2294	G9173	G9174	G9175	G9176																					
F2295	G9177	G9178	G9179	G9180																					
F2296	G9181	G9182	G9183	G9184																					
F2297	G9185	G9186	G9187	G9188																					
F2298	G9189	G9190	G9191	G9192																					
F2299	G9193	G9194	G9195	G9196																					
F2300	G9197	G9198	G9199	G9200																					
F2301	G9201	G9202	G9203	G9204																					
F2302	G9205	G9206	G9207	G9208																					
F2303	G9209	G9210	G9211	G9212																					
F2304	G9213	G9214	G9215	G9216																					
F2305	G9217	G9218	G9219	G9220																					
F2306	G9221	G9222	G9223	G9224																					
F2307	G9225	G9226	G9227	G9228																					
F2308	G9229	G9230	G9231	G9232																					
F2309	G9233	G9234	G9235	G9236																					
F2310	G9237	G9238	G9239	G9240																					
F2311	G9241	G9242	G9243	G9244																					
F2312	G9245	G9246	G9247	G9248																					
F2313	G9249	G9250	G9251	G9252																					
F2314	G9253	G9254	G9255	G9256																					
F2315	G9257	G9258	G9259	G9260																					
F2316	G9261	G9262	G9263	G9264																					
F2317	G9265	G9266	G9267	G9268																					
F2318	G9269	G9270	G9271	G9272																					
F2319	G9273	G9274	G9275	G9276																					
F2320	G9277	G9278	G9279	G9280																					
F2321	G9281	G9282	G9283	G9284																					
F2322	G9285	G9286	G9287	G9288																					
F2323	G9289	G9290	G9291	G9292																					
F2324	G9293	G9294	G9295	G9296																					
F2325	G9297	G9298	G9299	G9300																					
F2326	G9301	G9302	G9303	G9304																					
F2327	G9305	G9306	G9307	G9308																					
F2328	G9309	G9310	G9311	G9312																					
F2329	G9313	G9314	G9315	G9316																					
F2330	G9317	G9318	G9319	G9320																					
F2331	G9321	G9322	G9323	G9324																					
F2332	G9325	G9326	G9327	G9328																					
F2333	G9329	G9330	G9331	G9332																					
F2334	G9333	G9334	G9335	G9336																					
F2335	G9337	G9338	G9339	G9340																					
F2336	G9341	G9342	G9343	G9344																					
F2337	G9345	G9346	G9347	G9348																					
F2338	G9349	G9350	G9351	G9352																					
F2339	G9353	G9354	G9355	G9356																					
F2340	G9357	G9358	G9359	G9360																					
F2341	G9361	G9362	G9363	G9364																					
F2342	G9365	G9366	G9367	G9368																					
F2343	G9369	G9370	G9371	G9372																					
F2344	G9373	G9374	G9375	G9376																					
F2345	G9377	G9378	G9379	G9380																					
F2346	G9381	G9382	G9383	G9384																					
F2347	G9385	G9386	G9387	G9388																					
F2348	G9389	G9390	G9391	G9392																					
F2349	G9393	G9394	G9395	G9396																					
F2350	G9397	G9398	G9399	G9400																					
F2351	G9401	G9402	G9403	G9404																					
F2352	G9405	G9406	G9407	G9408																					
F2353	G9409	G9410	G9411	G9412																					
F2354	G9413	G9414	G9415	G9416																					
F2355	G9417	G9418	G9419	G9420																					
F2356	G9421	G9422	G9423	G9424																					
F2357	G9425	G9426	G9427	G9428																					
F2358	G9429	G9430	G9431	G9432																					
F2359	G9433	G9434	G9435	G9436																					
F2360	G9437	G9438	G9439	G9440																					
F2361	G9441	G9442	G9443	G9444																					
F2362	G9445	G9446	G9447	G9448																					
F2363	G9449	G9450	G9451	G9452																					
F2364	G9453	G9454	G9455	G9456																					
F2365	G9457	G9458	G9459	G9460																					
F2366	G9461	G9462	G9463	G9464																					
F2367	G9465	G9466	G9467	G9468																					
F2368	G9469	G9470	G9471	G9472																					
F2369	G9473	G9474	G9475	G9476																					
F2370	G9477	G9478	G9479	G9480																					
F2371	G9481	G9482	G9483	G9484																					
F2372	G9485	G9486	G9487	G9488																					
F2373	G9489	G9490	G9491	G9492																					
F2374	G9493	G9494	G9495	G9496																					
F2375	G9497	G9498	G9499	G9500																					
F2376	G9501	G9502	G9503	G9504																					
F2377	G9505	G9506	G9507	G9508																					
F2378	G9509	G9510	G9511	G9512																					
F2379	G9513	G9514	G9515	G9516																					
F2380	G9517	G9518	G9519	G9520																					
F2381	G9521	G9522	G9523	G9524																					
F2382	G9525	G9526	G9527	G9528																					
F2383	G9529	G9530	G9531	G9532																					
F2384	G9533	G9534	G9535	G9536																					
F2385	G9537	G9538	G9539	G9540																					
F2386	G9541	G9542	G9543	G9544																					
F2387	G9545	G9546	G9547	G9548																					
F2388	G9549	G9550	G9551	G9552																					
F2389	G9553	G9554	G9555	G9556																					
F2390	G9557	G9558	G9559	G9560																					
F2391	G9561	G9562	G9563	G9564																					
F2392	G9565	G9566	G9567	G9568																					
F2393	G9569	G9570	G9571	G9572																					
F2394	G9573	G9574	G9575	G9576																					
F2395	G9577	G9578	G9579	G9580																					
F2396	G9581	G9582	G9583	G9584																					
F2397	G9585	G9586	G9587	G9588																					
F2398	G9589	G9590	G9591	G9592																					
F2399	G9593	G9594	G9595	G9596																					
F2400	G9597	G9598	G9599	G9600																					
F2401	G9601	G9602	G9603	G9604																					
F2402	G9605	G9606	G9607	G9608																					
F2403	G9609	G9610	G9611	G9612																					
F2404	G9613	G9614	G9615	G9616																					
F2405	G9617	G9618	G9619	G9620																					
F2406	G9621	G9622	G9623	G9624																					
F2407	G9625	G9626	G9627	G9628																					
F2408	G9629	G9630	G9631	G9632																					
F2409	G9633	G9634	G9635	G9636																					
F2410	G9637	G9638	G9639	G9640																					
F2411	G9641	G9642	G9643	G9644																					
F2412	G9645	G9646	G9647	G9648																					
F2413	G9649	G9650	G9651	G9652																					
F2414	G9653	G9654	G9655	G9656																					
F2415	G9657	G9658	G9659	G9660																					
F2416	G9661	G9662	G9663	G9664																					
F2417	G9665	G9666	G9667	G9668																					
F2418	G9669	G9670	G9671	G9672																					
F2419	G9673	G9674	G9675	G9676																					
F2420	G9677	G9678	G9679	G9680																					
F2421	G9681	G9682	G9683	G9684																					
F2422	G9685	G9686	G9687	G9688																					
F2423	G9689	G9690	G9691	G9692																					
F2424	G9693	G9694	G9695	G9696																					
F2425	G9697	G9698	G9699	G9700																					
F2426	G9701	G9702	G9703	G9704																					
F2427	G9705	G9706	G9707	G9708																					
F2428	G9709	G9710	G9711	G9712																					
F2429	G9713	G9714	G9715	G9716																					
F2430	G9717	G9718	G9719	G9720																					
F2431	G9721	G9722	G9723	G9724																					
F2432	G9725	G9726	G9727	G9728																					
F2433	G9729	G9730	G9731	G9732																					
F2434	G9733	G9734	G9735	G9736																					
F2435	G9737	G9738	G9739	G9740																					
F2436	G9741	G9742	G9743	G9744																					
F2437	G9745	G9746	G9747	G9748																					
F2438	G9749	G9750	G9751	G9752																					
F2439	G9753	G9754	G9755	G9756																					
F2440	G9757	G9758	G9759	G9760																					
F2441	G9761	G9762	G9763	G9764																					
F2442	G9765	G9766	G9767	G9768																					
F2443	G9769	G9770	G9771	G9772																					
F2444	G9773	G9774	G9775	G9776																					
F2445	G9777	G9778	G9779	G9780																					
F2446	G9781	G9782	G9783	G9784																					
F2447	G9785	G9786	G9787	G9788																					
F2448	G9789	G9790	G9791	G9792																					
F2449	G9793	G9794	G9795	G9796																					
F2450	G9797	G9798	G9799	G9800																					
F2451	G9801	G9802	G9803	G9804																					
F2452	G9805	G9806	G9807	G9808																					
F2453	G9809	G9810	G9811	G9812																					
F2454	G9813	G9814	G9815	G9816																					
F2455	G9817	G9818	G9819	G9820																					
F2456	G9821	G9822	G9823	G9824																					
F2457	G9825	G9826	G9827	G9828																					
F2458	G9829	G9830	G9831	G9832																					
F2459	G9833	G9834	G9835	G9836																					
F2460	G9837	G9838	G9839	G9840																					
F2461	G9841	G9842	G9843	G9844																					
F2462	G9845	G9846	G9847	G9848																					
F2463	G9849	G9850	G9851	G9852																					
F2464	G9853	G9854	G9855	G9856																					
F2465	G9857	G9858	G9859	G9860																					
F2466	G9861	G9862	G9863	G9864																					
F2467	G9865	G9866	G9867	G9868																					
F2468	G9869	G9870	G9871	G9872																					
F2469	G9873	G9874	G9875	G9876																					
F2470	G9877	G9878	G9879	G9880																					
F2471	G9881	G9882	G9883	G9884																					
F2472	G9885	G9886	G9887	G9888																					
F2473	G9889	G9890	G9891	G9892																					
F2474	G9893	G9894	G9895	G9896																					
F2475	G9897	G9898	G9899	G9900																					
F2476	G9901	G9902	G9903	G9904																					
F2477	G9905	G9906	G9907	G9908																					
F2478	G9909	G9910	G9911	G9912																					
F2479	G9913	G9914	G9915	G9916																					
F2480	G9917	G9918	G9919	G9920																					
F2481	G9921	G9922	G9923	G9924																					
F2482	G9925	G9926	G9927	G9928																					
F2483	G9929	G9930	G9931	G9932																					
F2484	G9933	G9934	G9935	G9936																					
F2485	G9937	G9938	G9939	G9940																					
F2486	G9941	G9942	G9943	G9944																					
F2487	G9945	G9946	G9947	G9948																					
F2488	G9949	G9950	G9951	G9952																					
F2489	G9953	G9954	G9955	G9956																					
F2490	G9957	G9958	G9959	G9960																					
F2491	G9961	G9962	G9963	G9964																					
F2492	G9965	G9966	G9967	G9968																					
F2493	G9969	G9970	G9971	G9972																					
F2494	G9973	G9974	G9975	G9976																					
F2495	G9977	G9978	G9979	G9980																					
F2496	G9981	G9982	G9983	G9984																					
F2497	G9985	G9986	G9987	G9988																					
F2498	G9989	G9990	G9991	G9992																					
F2499	G9993	G9994	G9995	G9996																					
F2500	G9997	G9998	G9999	G10000																					
F2501	G10001	G10002	G10003	G10004																					
F2502	G10005	G10006	G10007	G10008																					
F2503	G10009	G10010	G10011	G10012																					
F2504	G10013	G10014	G10015	G10016																					
F2505	G10017	G10018	G10019	G10020																					
F2506	G10021	G10022	G10023	G10024																					
F2507	G10025	G10026	G10027	G10028																					
F2508	G10029	G10030	G10031	G10032																					
F2509	G10033	G10034	G10035	G10036																					
F2510	G10037	G10038	G10039	G10040																					
F2511	G10041	G10042	G10043	G10044																					
F2512	G10045	G10046	G10047	G10048																					
F2513	G10049	G10050	G10051	G10052																					
F2514	G10053	G10054	G10055	G10056																					
F2515	G10057	G10058	G10059	G10060																					
F2516	G10061	G10062	G10063	G10064																					
F2517	G10065	G10066	G10067	G10068																					
F2518	G10069	G10070	G10071	G10072																					
F2519	G10073	G10074	G10075	G10076																					
F2520	G10077	G10078	G10079	G10080																					
F2521	G10081	G10082	G10083	G10084																					
F2522	G10085	G10086	G10087	G10088																					
F2523	G10089	G10090	G10091	G10092																					
F2524	G10093	G10094	G10095	G10096																					
F2525	G10097	G10098	G10099	G10100																					
F2526	G10101	G10102	G10103	G10104																					
F2527	G10105	G10106	G10107	G10108																					
F2528	G10109	G10110	G10111	G10112																					
F2529	G10113	G10114	G10115	G10116																					
F2530	G10117	G10118	G10119	G10120																					
F2531	G10121	G10122	G10123	G10124																					
F2532	G10125	G10126	G10127	G10128																					
F2533	G10129	G10130	G10131	G10132																					
F2534	G10133	G10134	G10135	G10136																					
F2535	G10137	G10138	G10139	G10140																					
F2536	G10141	G10142	G10143	G10144																					
F2537	G10145	G10146	G10147	G10148																					
F2538	G10149	G10150	G10151	G10152																					
F2539	G10153	G10154	G10155	G10156																					
F2540	G10157	G10158	G10159	G10160																					
F2541	G10161	G10162	G10163	G10164																					
F2542	G10165	G10166	G10167	G10168																					
F2543	G10169	G10170	G10171	G10172																					
F2544	G10173	G10174	G10175	G10176																					
F2545	G10177	G10178	G10179	G10180																					
F2546	G10181	G10182	G10183	G10184																					
F2547	G10185	G10186	G10187	G10188																					
F2548	G10189	G10190	G10191	G10192																					
F2549	G10193	G10194	G10195	G10196																					
F2550	G10197	G10198	G10199	G10200																					
F2551	G10201	G10202	G10203	G10204																					
F2552	G10205	G10206	G10207	G10208																					
F2553	G10209	G10210	G10211	G10212																					
F2554	G10213	G10214	G10215	G10216																					
F2555	G10217	G10218	G10219	G10220																					
F2556	G10221	G10222	G10223	G10224																					
F2557	G10225	G10226	G10227	G10228																					
F2558	G10229	G10230	G10231	G10232																					
F2559	G10233	G10234	G10235	G10236																					
F2560	G10237	G10238	G10239	G10240																					
F2561	G10241	G10242	G10243	G10244																					
F2562	G10245	G10246	G10247	G10248																					
F2563	G10249	G10250	G10251	G10252																					
F2564	G10253	G10254	G10255	G10256																					
F2565	G10257	G10258	G10259	G10260																					
F2566	G10261	G10262	G10263	G10264																					
F2567	G10265	G10266	G10267	G10268																					
F2568	G10269	G10270	G10271	G10272																					
F2569	G10273	G10274	G10275	G10276																					
F2570	G10277	G10278	G10279	G10280																					
F2571	G10281	G10282	G10283	G10284																					
F2572	G10285	G10286	G10287	G10288																					
F2573	G10289	G10290	G10291	G10292																					
F2574	G10293	G10294	G10295	G10296																					
F2575	G10297	G10298	G10299	G10300																					
F2576	G10301	G10302	G10303	G10304																					
F2577	G10305	G10306	G10307	G10308																					
F2578	G10309	G10310	G10311	G10312																					
F2579	G10313	G10314	G10315	G10316																					
F2580	G10317	G10318	G10319	G10320																					
F2581	G10321	G10322	G10323	G10324																					
F2582	G10325	G10326	G10327	G10328																					
F2583	G10329	G10330	G10331	G10332																					
F2584	G10333	G10334	G10335	G10336																					
F2585	G10337	G10338	G10339	G10340																					
F2586	G10341	G10342	G10343	G10344																					
F2587	G10345	G10346	G10347	G10348																					
F2588	G10349	G10350	G10351	G10352																					
F2589	G10353	G10354	G10355	G10356																					
F2590	G10357	G10358	G10359	G10360																					
F2591	G10361	G10362	G10363	G10364																					
F2592	G10365	G10366	G10367	G10368																					
F2593	G10369	G10370	G10371	G10372																					
F2594	G10373	G10374	G10375	G10376																					
F2595	G10377	G10378	G10379	G10380																					
F2596	G10381	G10382	G10383	G10384																					
F2597	G10385	G10386	G10387	G10388																					
F2598	G10389	G10390	G10391	G10392																					
F2599	G10393	G10394	G10395	G10396																					
F2600	G10397	G10398	G10399	G10400																					
F2601	G10401	G10402	G10403	G10404																					
F2602	G10405	G10406	G10407	G10408																					
F2603	G10409	G10410	G10411	G10412																					
F2604	G10413	G10414	G10415	G10416																					
F2605	G10417	G10418	G10419	G10420																					
F2606	G10421	G10422	G10423	G10424																					
F2607	G10425	G10426	G10427	G10428																					
F2608	G10429	G10430	G10431	G10432																					
F2609	G10433	G10434	G10435	G10436																					
F2610	G10437	G10438	G10439	G10440																					
F2611	G10441	G10442	G10443	G10444																					
F2612	G10445	G10446	G10447	G10448																					
F2613	G10449	G10450	G10451	G10452																					
F2614	G10453	G10454	G10455	G10456																					
F2615	G10457	G10458	G10459	G10460																					
F2616	G10461	G10462	G10463	G10464																					
F2617	G10465	G10466	G10467	G10468																					
F2618	G10469	G10470	G10471	G10472																					
F2619	G10473	G10474	G10475	G10476																					
F2620	G10477	G10478	G10479	G10480																					
F2621	G10481	G10482	G10483	G10484																					
F2622	G10485	G10486	G10487	G10488																					
F2623	G10489	G10490	G10491	G10492																					
F2624	G10493	G10494	G10495	G10496																					
F2625	G10497	G10498	G10499	G10500																					
F2626	G10501	G10502	G10503	G10504																					
F2627	G10505	G10506	G10507	G10508																					
F2628	G10509	G10510	G10511	G10512																					
F2629	G10513	G10514	G10515	G10516																					
F2630	G10517	G10518	G10519	G10520																					
F2631	G10521	G10522	G10523	G10524																					
F2632	G10525	G10526	G10527	G10528																					
F2633	G10529	G10530	G10531	G10532																					
F2634	G10533	G10534	G10535	G10536																					
F2635	G10537	G10538	G10539	G10540																					
F2636	G10541	G10542	G10543	G10544																					
F2637	G10545	G10546	G10547	G10548																					
F2638	G10549	G10550	G10551	G10552																					
F2639	G10553	G10554	G10555	G10556																					
F2640	G10557	G10558	G10559	G10560																					
F2641	G10561	G10562	G10563	G10564																					
F2642	G10565	G10566	G10567	G10568																					
F2643	G10569	G10570	G10571	G10572																					
F2644	G10573	G10574	G10575	G10576																					
F2645	G10577	G10578	G10579	G10580																					
F2646	G10581	G10582	G10583	G10584																					
F2647	G10585	G10586	G10587	G10588																					
F2648	G10589	G10590	G10591	G10592																					
F2649	G10593	G10594	G10595	G10596																					
F2650	G10597	G10598	G10599	G10600																					
F2651	G10601	G10602	G10603	G10604																					
F2652	G10605	G10606	G10607	G10608																					
F2653	G10609	G10610	G10611	G10612																					
F2654	G10613	G10614	G10615	G10616																					
F2655	G10617	G10618	G10619	G10620																					
F2656	G10621	G10622	G10623	G10624																					
F2657	G10625	G10626	G10627	G10628																					
F2658	G10629	G10630	G10631	G10632																					
F2659	G10633	G10634	G10635	G10636																					
F2660	G10637	G10638	G10639	G10640																					
F2661	G10641	G10642	G10643	G10644																					
F2662	G10645	G10646	G10647	G10648																					
F2663	G10649	G10650	G10651	G10652																					
F2664	G10653	G10654	G10655	G10656																					
F2665	G10657	G10658	G10659	G10660																					
F2666	G10661	G10662	G10663	G10664																					
F2667	G10665	G10666	G10667	G10668																					
F2668	G10669	G10670	G10671	G10672																					
F2669	G10673	G10674	G10675	G10676																					
F2670	G10677	G10678	G10679	G10680																					
F2671	G10681	G10682	G10683	G10684																					
F2672	G10685	G10686	G10687	G10688																					
F2673	G10689	G10690	G10691	G10692																					
F2674	G10693	G10694	G10695	G10696																					
F2675	G10697	G10698	G10699	G10700																					
F2676	G10701	G10702	G10703	G10704																					
F2677	G10705	G10706	G10707	G10708																					
F2678	G10709	G10710	G10711	G10712																					
F2679	G10713	G10714	G10715	G10716																					
F2680	G10717	G10718	G10719	G10720																					
F2681	G10721	G10722	G10723	G10724																					
F2682	G10725	G10726	G10727	G10728																					
F2683	G10729	G10730	G10731	G10732																					
F2684	G10733	G10734	G10735	G10736																					
F2685	G10737	G10738	G10739	G10740																					
F2686	G10741	G10742	G10743	G10744																					
F2687	G10745	G10746	G10747	G10748																					
F2688	G10749	G10750	G10751	G10752																					
F2689	G10753	G10754	G10755	G10756																					
F2690	G10757	G10758	G10759	G10760																					
F2691	G10761	G10762	G10763	G10764																					
F2692	G10765	G10766	G10767	G10768																					
F2693	G10769	G10770	G10771	G10772																					
F2694	G10773	G10774	G10775	G10776																					
F2695	G10777	G10778	G10779	G10780																					
F2696	G10781	G10782	G10783	G10784																					
F2697	G10785	G10786	G10787	G10788																					
F2698	G10789	G10790	G10791	G10792																					
F2699	G10793	G10794	G10795	G10796																					
F2700	G10797	G10798	G10799	G10800																					
F2701	G10801	G10802	G10803	G10804																					
F2702	G10805	G10806	G10807	G10808																					
F2703	G10809	G10810	G10811	G10812																					
F2704	G10813	G10814	G10815	G10816																					
F2705	G10817	G10818	G10819	G10820																					
F2706	G10821	G10822	G10823	G10824																					
F2707	G10825	G10826	G10827	G10828																					
F2708	G10829	G10830	G10831	G10832																					
F2709	G10833	G10834	G10835	G10836																					
F2710	G10837	G10838	G10839	G10840																					
F2711	G10841	G10842	G10843	G10844																					
F2712	G10845	G10846	G10847	G10848																					
F2713	G10849	G10850	G10851	G10852																					
F2714	G10853	G10854	G10855	G10856																					
F2715	G10857	G10858	G10859	G10860																					
F2716	G10861	G10862	G10863	G10864																					
F2717	G10865	G10866	G10867	G10868																					
F2718	G10869	G10870	G10871	G10872																					
F2719	G10873	G10874	G10875	G10876																					
F2720	G10877	G10878	G10879	G10880																					
F2721	G10881	G10882	G10883	G10884																					
F2722	G10885	G10886	G10887	G10888																					
F2723	G10889	G10890	G10891	G10892																					
F2724	G10893	G10894	G10895	G10896																					
F2725	G10897	G10898	G10899	G10900																					
F2726	G10901	G10902	G10903	G10904																					
F2727	G10905	G10906	G10907	G10908																					
F2728	G10909	G10910	G10911	G10912																					
F2729	G10913	G10914	G10915	G10916																					
F2730	G10917	G10918	G10919	G10920																					
F2731	G10921	G10922	G10923	G10924																					
F2732	G10925	G10926	G10927	G10928																					
F2733	G10929	G10930	G10931	G10932																					
F2734	G10933	G10934	G10935	G10936																					
F2735	G10937	G10938	G10939	G10940																					
F2736	G10941	G10942	G10943	G10944																					
F2737	G10945	G10946	G10947	G10948																					
F2738	G10949	G10950	G10951	G10952																					
F2739	G10953	G10954	G10955	G10956																					
F2740	G10957	G10958	G10959	G10960																					
F2741	G10961	G10962	G10963	G10964																					
F2742	G10965	G10966	G10967	G10968																					
F2743	G10969	G10970	G10971	G10972																					
F2744	G10973	G10974	G10975	G10976																					
F2745	G10977	G10978	G10979	G10980																					
F2746	G10981	G10982	G10983	G10984																					
F2747	G10985	G10986	G10987	G10988																					
F2748	G10989	G10990	G10991	G10992																					
F2749	G10993	G10994	G10995	G10996																					
F2750	G10997	G10998	G10999	G11000																					
F2751	G11001	G11002	G11003	G11004																					
F2752	G11005	G11006	G11007	G11008																					
F2753	G11009	G11010	G11011	G11012																					
F2754	G11013	G11014	G11015	G11016																					
F2755	G11017	G11018	G11019	G11020																					
F2756	G11021	G11022	G11023	G11024																					
F2757	G11025	G11026	G11027	G11028																					
F2758	G11029	G11030	G11031	G11032																					
F2759	G11033	G11034	G11035	G11036																					
F2760	G11037	G11038	G11039	G11040																					
F2761	G11041	G11042	G11043	G11044																					
F2762	G11045	G11046	G11047	G11048																					
F2763	G11049	G11050	G11051	G11052																					
F2764	G11053	G11054	G11055	G11056																					
F2765	G11057	G11058	G11059	G11060																					
F2766	G11061	G11062	G11063	G11064																					
F2767	G11065	G11066	G11067	G11068																					
F2768	G11069	G11070	G11071	G11072																					
F2769	G11073	G11074	G11075	G11076																					
F2770	G11077	G11078	G11079	G11080																					
F2771	G11081	G11082	G11083	G11084																					
F2772	G11085	G11086	G11087	G11088																					
F2773	G11089	G11090	G11091	G11092																					
F2774	G11093	G11094	G11095	G11096																					
F2775	G11097	G11098	G11099	G11100																					
F2776	G11101	G11102	G11103	G11104																					
F2777	G11105	G11106	G11107	G11108																					
F2778	G11109	G11110	G11111	G11112																					
F2779	G11113	G11114	G11115	G11116																					
F2780	G11117	G11118	G11119	G11120																					
F2781	G11121	G11122	G11123	G11124																					
F2782	G11125	G11126	G11127	G11128																					
F2783	G11129	G11130	G11131	G11132																					
F2784	G11133	G11134	G11135	G11136																					
F2785	G11137	G11138	G11139	G11140																					
F2786	G11141	G11142	G11143	G11144																					
F2787	G11145	G11146	G11147	G11148																					
F2788	G11149	G11150	G11151	G11152																					
F2789	G11153	G11154	G11155	G11156																					
F2790	G11157	G11158	G11159	G11160																					
F2791	G11161	G11162	G11163	G11164																					
F2792	G11165	G11166	G11167	G11168																					
F2793	G11169	G11170	G11171	G11172																					
F2794	G11173	G11174	G11175	G11176																					
F2795	G11177	G11178	G11179	G11180																					
F2796	G11181	G11182	G11183	G11184																					
F2797	G11185	G11186	G11187	G11188																					
F2798	G11189	G11190	G11191	G11192																					
F2799	G11193	G11194	G11195	G11196																					
F2800	G11197	G11198	G11199	G11200																					
F2801	G11201	G11202	G11203	G11204																					
F2802	G11205	G11206	G11207	G11208																					
F2803	G11209	G11210	G11211	G11212																					
F2804	G11213	G11214	G11215	G11216																					
F2805	G11217	G11218	G11219	G11220																					
F2806	G11221	G11222	G11223	G11224																					
F2807	G11225	G11226	G11227	G11228																					
F2808	G11229	G11230	G11231	G11232																					
F2809	G11233	G11234	G11235	G11236																					
F2810	G11237	G11238	G11239	G11240																					
F2811	G11241	G11242	G11243	G11244																					
F2812	G11245	G11246	G11247	G11248																					
F2813	G11249	G11250	G11251	G11252																					
F2814	G11253	G11254	G11255	G11256																					
F2815	G11257	G11258	G11259	G11260																					
F2816	G11261	G11262	G11263	G11264																					
F2817	G11265	G11266	G11267	G11268																					
F2818	G11269	G11270	G11271	G11272																					
F2819	G11273	G11274	G11275	G11276																					
F2820	G11277	G11278	G11279	G11280																					
F2821	G11281	G11282	G11283	G11284																					
F2822	G11285	G11286	G11287	G11288																					
F2823	G11289	G11290	G11291	G11292																					
F2824	G11293	G11294	G11295	G11296																					
F2825	G11297	G11298	G11299	G11300																					
F2826	G11301	G11302	G11303	G11304																					
F2827	G11305	G11306	G11307	G11308																					
F2828	G11309	G11310	G11311	G11312																					
F2829	G11313	G11314	G11315	G11316																					
F2830	G11317	G11318	G11319	G11320																					
F2831	G11321	G11322	G11323	G11324																					
F2832	G11325	G11326	G11327	G11328																					
F2833	G11329	G11330	G11331	G11332																					
F2834	G11333	G11334	G11335	G11336																					
F2835	G11337	G11338	G11339	G11340																					
F2836	G11341	G11342	G11343	G11344																					
F2837	G11345	G11346	G11347	G11348																					
F2838	G11349	G11350	G11351	G11352																					
F2839	G11353	G11354	G11355	G11356																					
F2840	G11357	G11358	G11359	G11360																					
F2841	G11361	G11362	G11363	G11364																					
F2842	G11365	G11366	G11367	G11368																					
F2843	G11369	G11370	G11371	G11372																					
F2844	G11373	G11374	G11375	G11376																					
F2845	G11377	G11378	G11379	G11380																					
F2846	G11381	G11382	G11383	G11384																					
F2847	G11385	G11386	G11387	G11388																					
F2848	G11389	G11390	G11391	G11392																					
F2849	G11393	G11394	G11395	G11396																					
F2850	G11397	G11398	G11399	G11400																					
F2851	G11401	G11402	G11403	G11404																					
F2852	G11405	G11406	G11407	G11408																					
F2853	G11409	G11410	G11411	G11412																					
F2854	G11413	G11414	G11415	G11416																					
F2855	G11417	G11418	G11419	G11420																					
F2856	G11421	G11422	G11423	G11424																					
F2857	G11425	G11426	G11427	G11428																					
F2858	G11429	G11430	G11431	G11432																					
F2859	G11433	G11434	G11435	G11436																					
F2860	G11437	G11438	G11439	G11440																					
F2861	G11441	G11442	G11443	G11444																					
F2862	G11445	G11446	G11447	G11448																					
F2863	G11449	G11450	G11451	G11452																					
F2864	G11453	G11454	G11455	G11456																					
F2865	G11457	G11458	G11459	G11460																					
F2866	G11461	G11462	G11463	G11464																					
F2867	G11465	G11466	G11467	G11468																					
F2868	G11469	G11470	G11471	G11472																					
F2869	G11473	G11474	G11475	G11476																					
F2870	G11477	G11478	G11479	G11480																					
F2871	G11481	G11482	G11483	G11484																					
F2872	G11485	G11486	G11487	G11488																					
F2873	G11489	G11490	G11491	G11492																					
F2874	G11493	G11494	G11495	G11496																					
F2875	G11497	G11498	G11499	G11500																					
F2876	G11501	G11502	G11503	G11504																					
F2877	G11505	G11506	G11507	G11508																					
F2878	G11509	G11510	G11511	G11512																					
F2879	G11513	G11514	G11515	G11516																					
F2880	G11517	G11518	G11519	G11520																					
F2881	G11521	G11522	G11523	G11524																					
F2882	G11525	G11526	G11527	G11528																					
F2883	G11529	G11530	G11531	G11532																					
F2884	G11533	G11534	G11535	G11536																					
F2885	G11537	G11538	G11539	G11540																					
F2886	G11541	G11542	G11543	G11544																					
F2887	G11545	G11546	G11547	G11548																					
F2888	G11549	G11550	G11551	G11552																					
F2889	G11553	G11554	G11555	G11556																					
F2890	G11557	G11558	G11559	G11560																					
F2891	G11561	G11562	G11563	G11564																					
F2892	G11565	G11566	G11567	G11568																					
F2893	G11569	G11570	G11571	G11572																					
F2894	G11573	G11574	G11575	G11576																					
F2895	G11577	G11578	G11579	G11580																					
F2896	G11581	G11582	G11583	G11584																					
F2897	G11585	G11586	G11587	G11588																					
F2898	G11589	G11590	G11591	G11592																					
F2899	G11593	G11594	G11595	G11596																					
F2900	G11597	G11598	G11599	G11600																					
F2901	G11601	G11602	G11603	G11604																					
F2902	G11605	G11606	G11607	G11608																					
F2903	G11609	G11610	G11611	G11612																					
F2904	G11613	G11614	G11615	G11616																					
F2905	G11617	G11618	G11619	G11620																					
F2906	G11621	G11622	G11623	G11624																					
F2907	G11625	G11626	G11627	G11628																					
F2908	G11629	G11630	G11631	G11632																					
F2909	G11633	G11634	G11635	G11636																					
F2910	G11637	G11638	G11639	G11640																					
F2911	G11641	G11642	G11643	G11644																					
F2912	G11645	G11646	G11647	G11648																					
F2913	G11649	G11650	G11651	G11652																					
F2914	G11653	G11654	G11655	G11656																					
F2915	G11657	G11658	G11659	G11660																					
F2916	G11661	G11662	G11663	G11664																					
F2917	G11665	G11666	G11667	G11668																					
F2918	G11669	G11670	G11671	G11672																					
F2919	G11673	G11674	G11675	G11676																					
F2920	G11677	G11678	G11679	G11680																					
F2921	G11681	G11682	G11683	G11684																					
F2922	G11685	G11686	G11687	G11688																					
F2923	G11689	G11690	G11691	G11692																					
F2924	G11693	G11694	G11695	G11696																					
F2925	G11697	G11698	G11699	G11700																					
F2926	G11701	G11702	G11703	G11704																					
F2927	G11705	G11706	G11707	G11708																					
F2928	G11709	G11710	G11711	G11712																					
F2929	G11713	G11714	G11715	G11716																					
F2930	G11717	G11718	G11719	G11720																					
F2931	G11721	G11722	G11723	G11724																					
F2932	G11725	G11726	G11727	G11728																					
F2933	G11729	G11730	G11731	G11732																					
F2934	G11733	G11734	G11735	G11736																					
F2935	G11737	G11738	G11739	G11740																					
F2936	G11741	G11742	G11743	G11744																					
F2937	G11745	G11746	G11747	G11748																					
F2938	G11749	G11750	G11751	G11752																					
F2939	G11753	G11754	G11755	G11756																					
F2940	G11757	G11758	G11759	G11760																					
F2941	G11761	G11762	G11763	G11764																					
F2942	G11765	G11766	G11767	G11768																					
F2943	G11769	G11770	G11771	G11772																					
F2944	G11773	G11774	G11775	G11776																					
F2945	G11777	G11778	G11779	G11780																					
F2946	G11781	G11782	G11783	G11784																					
F2947	G11785	G11786	G11787	G11788																					
F2948	G11789	G11790	G11791	G11792																					
F2949	G11793	G11794	G11795	G11796																					
F2950	G11797	G11798	G11799	G11800																					
F2951	G11801	G11802	G11803	G11804																					
F2952	G11805	G11806	G11807	G11808																					
F2953	G11809	G11810	G11811	G11812																					
F2954	G11813	G11814	G11815	G11816																					
F2955	G11817	G11818	G11819	G11820																					
F2956	G11821	G11822	G11823	G11824																					
F2957	G11825	G11826	G11827	G11828																					
F2958	G11829	G11830	G11831	G11832																					
F2959	G11833	G11834	G11835	G11836																					
F2960	G11837	G11838	G11839	G11840																					
F2961	G11841	G11842	G11843	G11844																					
F2962	G11845	G11846	G11847	G11848																					
F2963	G11849	G11850	G11851	G11852																					
F2964	G11853	G11854	G11855	G11856																					
F2965	G11857	G11858	G11859	G11860																					
F2966	G11861	G11862	G11863	G11864																					
F2967	G11865	G11866	G11867	G11868																					
F2968	G11869	G11870	G11871	G11872																					
F2969	G11873	G11874	G11875	G11876																					
F2970	G11877	G11878	G11879	G11880																					
F2971	G11881	G11882	G11883	G11884																					
F2972	G11885	G11886	G11887	G11888																					
F2973	G11889	G11890	G11891	G11892																					
F2974	G11893	G11894	G11895	G11896																					
F2975	G11897	G11898	G11899	G11900																					
F2976	G11901	G11902	G11903	G11904																					
F2977	G11905	G11906	G11907	G11908																					
F2978	G11909	G11910	G11911	G11912																					
F2979	G11913	G11914	G11915	G11916																					
F2980	G11917	G11918	G11919	G11920																					
F2981	G11921	G11922	G11923	G11924																					
F2982	G11925	G11926	G11927	G11928																					
F2983	G11929	G11930	G11931	G11932																					
F2984	G11933	G11934	G11935	G11936																					
F2985	G11937	G11938	G11939	G11940																					
F2986	G11941	G11942	G11943	G11944																					
F2987	G11945	G11946	G11947	G11948																					
F2988	G11949	G11950	G11951	G11952																					
F2989	G11953	G11954	G11955	G11956																					
F2990	G11957	G11958	G11959	G11960																					
F2991	G11961	G11962	G11963	G11964																					
F2992	G11965	G11966	G11967	G11968																					
F2993	G11969	G11970	G11971	G11972																					
F2994	G11973	G11974	G11975	G11976																					
F2995	G11977	G11978	G11979	G11980																					
F2996	G11981	G11982	G11983	G11984																					
F2997	G11985	G11986	G11987	G11988																					
F2998	G11989	G11990	G11991	G11992																					
F2999	G11993	G11994	G11995	G11996																					
F3000	G11997	G11998	G11999	G12000																					
F3001	G12001	G12002	G12003	G12004																					
F3002	G12005	G12006	G12007	G12008																					
F3003	G12009	G12010	G12011	G12012																					
F3004	G12013	G12014	G12015	G12016																					
F3005	G12017	G12018	G12019	G12020																					
F3006	G12021	G12022	G12023	G12024																					
F3007	G12025	G12026	G12027	G12028																					
F3008	G12029	G12030	G12031	G12032																					
F3009	G12033	G12034	G12035	G12036																					
F3010	G12037	G12038	G12039	G12040																					
F3011	G12041	G12042	G12043	G12044																					
F3012	G12045	G12046	G12047	G12048																					
F3013	G12049	G12050	G12051	G12052																					
F3014	G12053	G12054	G12055	G12056																					
F3015	G12057	G12058	G12059	G12060																					
F3016	G12061	G12062	G12063	G12064																					
F3017	G12065	G12066	G12067	G12068																					
F3018	G12069	G12070	G12071	G12072																					
F3019	G12073	G12074	G12075	G12076																					
F3020	G12077	G12078	G12079	G12080																					
F3021	G12081	G12082	G12083	G12084																					
F3022	G12085	G12086	G12087	G12088																					
F3023	G12089	G12090	G12091	G12092																					
F3024	G12093	G12094	G12095	G12096																					
F3025	G12097	G12098	G12099	G12100																					
F3026	G12101	G12102	G12103	G12104																					
F3027	G12105	G12106	G12107	G12108																					
F3028	G12109	G12110	G12111	G12112																					
F3029	G12113	G12114	G12115	G12116																					
F3030	G12117	G12118	G12119	G12120																					
F3031	G12121	G12122	G12123	G12124																					
F3032	G12125	G12126	G12127	G12128																					
F3033	G12129	G12130	G12131	G12132																					
F3034	G12133	G12134	G12135	G12136																					
F3035	G12137	G12138	G12139	G12140																					
F3036	G12141	G12142	G12143	G12144																					
F3037	G12145	G12146	G12147	G12148																					
F3038	G12149	G12150	G12151	G12152																					
F3039	G12153	G12154	G12155	G12156																					
F3040	G12157	G12158	G12159	G12160																					
F3041	G12161	G12162	G12163	G12164																					
F3042	G12165	G12166	G12167	G12168																					
F3043	G12169	G12170	G12171	G12172																					
F3044	G12173	G12174	G12175	G12176																					
F3045	G12177	G12178	G12179	G12180																					
F3046	G12181	G12182	G12183	G12184																					
F3047	G12185	G12186	G12187	G12188																					
F3048	G12189	G12190	G12191	G12192																					
F3049	G12193	G12194	G12195	G12196																					
F3050	G12197	G12198	G12199	G12200																					
F3051	G12201	G12202	G12203	G12204																					
F3052	G12205	G12206	G12207	G12208																					
F3053	G12209	G12210	G12211	G12212																					
F3054	G12213	G12214	G12215	G12216																					
F3055	G12217	G12218	G12219	G12220																					
F3056	G12221	G12222	G12223	G12224																					
F3057	G12225	G12226	G12227	G12228																					
F3058	G12229	G12230	G12231	G12232																					
F3059	G12233	G12234	G12235	G12236																					
F3060	G12237	G12238	G12239	G12240																					
F3061	G12241	G12242	G12243	G12244																					
F3062	G12245	G12246	G12247	G12248																					
F3063	G12249	G12250	G12251	G12252																					
F3064	G12253	G12254	G12255	G12256																					
F3065	G12257	G12258	G12259	G12260																					
F3066	G12261	G12262	G12263	G12264																					
F3067	G12265	G12266	G12267	G12268																					
F3068	G12269	G12270	G12271	G12272																					
F3069	G12273	G12274	G12275	G12276																					
F3070	G12277	G12278	G12279	G12280																					
F3071	G12281	G12282	G12283	G12284																					
F3072	G12285	G12286	G12287	G12288																					
F3073	G12289	G12290	G12291	G12292																					
F3074	G12293	G12294	G12295	G12296																					
F3075	G12297	G12298	G12299	G12300																					
F3076	G12301	G12302	G12303	G12304																					
F3077	G12305	G12306	G12307	G12308																					
F3078	G12309	G12310	G12311	G12312																					
F3079	G12313	G12314	G12315	G12316																					
F3080	G12317	G12318	G12319	G12320																					
F3081	G12321	G12322	G12323	G12324																					
F3082	G12325	G12326	G12327	G12328																					
F3083	G12329	G12330	G12331	G12332																					
F3084	G12333	G12334	G12335	G12336																					
F3085	G12337	G12338	G12339	G12340																					
F3086	G12341	G12342	G12343	G12344																					
F3087	G12345	G12346	G12347	G12348																					
F3088	G12349	G12350	G12351	G12352																					
F3089	G12353	G12354	G12355	G12356																					
F3090	G12357	G12358	G12359	G12360																					
F3091	G12361	G12362	G12363	G12364																					
F3092	G12365	G12366	G12367	G12368																					
F3093	G12369	G12370	G12371	G12372																					
F3094	G12373	G12374	G12375	G12376																					
F3095	G12377	G12378	G12379	G12380																					
F3096	G12381	G12382	G12383	G12384																					
F3097	G12385	G12386	G12387	G12388																					
F3098	G12389	G12390	G12391	G12392																					
F3099	G12393	G12394	G12395	G12396																					
F3100	G12397	G12398	G12399	G12400																					
F3101	G12401	G12402	G12403	G12404																					
F3102	G12405	G12406	G12407	G12408																					
F3103	G12409	G12410	G12411	G12412																					
F3104	G12413	G12414	G12415	G12416																					
F3105	G12417	G12418	G12419	G12420																					
F3106	G12421	G12422	G12423	G12424																					
F3107	G12425	G12426	G12427	G12428																					
F3108	G12429	G12430	G12431	G12432																					
F3109	G12433	G12434	G12435	G12436																					
F3110	G12437	G12438	G12439	G12440																					
F3111	G12441	G12442	G12443	G12444																					
F3112	G12445	G12446	G12447	G12448																					
F3113	G12449	G12450	G12451	G12452																					
F3114	G12453	G12454	G12455	G12456																					
F3115	G12457	G12458	G12459	G12460																					
F3116	G12461	G12462	G12463	G12464																					
F3117	G12465	G12466	G12467	G12468																					
F3118	G12469	G12470	G12471	G12472																					
F3119	G12473	G12474	G12475	G12476																					
F3120	G12477	G12478	G12479	G12480																					
F3121	G12481	G12482	G12483	G12484																					
F3122	G12485	G12486	G12487	G12488																					
F3123	G12489	G12490	G12491	G12492																					
F3124	G12493	G12494	G12495	G12496																					
F3125	G12497	G12498	G12499	G12500																					
F3126	G12501	G12502	G12503	G12504																					
F3127	G12505	G12506	G12507	G12508																					
F3128	G12509	G12510	G12511	G12512																					
F3129	G12513	G12514	G12515	G12516																					
F3130	G12517	G12518	G12519	G12520																					
F3131	G12521	G12522	G12523	G12524																					
F3132	G12525	G12526	G12527	G12528																					
F3133	G12529	G12530	G12531	G12532																					
F3134	G12533	G12534	G12535	G12536																					
F3135	G12537	G12538	G12539	G12540																					
F3136	G12541	G12542	G12543	G12544																					
F3137	G12545	G12546	G12547	G12548																					
F3138	G12549	G12550	G12551	G12552																					
F3139	G12553	G12554	G12555	G12556																					
F3140	G12557	G12558	G12559	G12560																					
F3141	G12561	G12562	G12563	G12564																					
F3142	G12565	G12566	G12567	G12568																					
F3143	G12569	G12570	G12571	G12572																					
F3144	G12573	G12574	G12575	G12576																					
F3145	G12577	G12578	G12579	G12580																					
F3146	G12581	G12582	G12583	G12584																					
F3147	G12585	G12586	G12587	G12588																					
F3148	G12589	G12590	G12591	G12592																					
F3149	G12593	G12594	G12595	G12596																					
F3150	G12597	G12598	G12599	G12600																					
F3151	G12601	G12602	G12603	G12604																					
F3152	G12605	G12606	G12607	G12608																					
F3153	G12609	G12610	G12611	G12612																					
F3154	G12613	G12614	G12615	G12616																					
F3155	G12617	G12618	G12619	G12620																					
F3156	G12621	G12622	G12623	G12624																					
F3157	G12625	G12626	G12627	G12628																					
F3158	G12629	G12630	G12631	G12632																					
F3159	G12633	G12634	G12635	G12636																					
F3160	G12637	G12638	G12639	G12640																					
F3161	G12641	G12642	G12643	G12644																					
F3162	G12645	G12646	G12647	G12648																					
F3163	G12649	G12650	G12651	G12652																					
F3164	G12653	G12654	G12655	G12656																					
F3165	G12657	G12658	G12659	G12660																					
F3166	G12661	G12662	G12663	G12664																					
F3167	G12665	G12666	G12667	G12668																					
F3168	G12669	G12670	G12671	G12672																					
F3169	G12673	G12674	G12675	G12676																					
F3170	G12677	G12678	G12679	G12680																					
F3171	G12681	G12682	G12683	G12684																					
F3172	G12685	G12686	G12687	G12688																					
F3173	G12689	G12690	G12691	G12692																					
F3174	G12693	G12694	G12695	G12696																					
F3175	G12697	G12698	G12699	G12700																					
F3176	G12701	G12702	G12703	G12704																					
F3177	G12705	G12706	G12707	G12708																					
F3178	G12709	G12710	G12711	G12712																					
F3179	G12713	G12714	G12715	G12716																					
F3180	G12717	G12718	G12719	G12720																					
F3181	G12721	G12722	G12723	G12724																					
F3182	G12725	G12726	G12727	G12728																					
F3183	G12729	G12730	G12731	G12732																					
F3184	G12733	G12734	G12735	G12736																					
F3185	G12737	G12738	G12739	G12740																					
F3186	G12741	G12742	G12743	G12744																					
F3187	G12745	G12746	G12747	G12748																					
F3188	G12749	G12750	G12751	G12752																					
F3189	G12753	G12754	G12755	G12756																					
F3190	G12757	G12758	G12759	G12760																					
F3191	G12761	G12762	G12763	G12764																					
F3192	G12765	G12766	G12767	G12768																					
F3193	G12769	G12770	G12771	G12772																					
F3194	G12773	G12774	G12775	G12776																					
F3195	G12777	G12778	G12779	G12780																					
F3196	G12781	G12782	G12783	G12784																					
F3197	G12785	G12786	G12787	G12788																					
F3198	G12789	G12790	G12791	G12792																					
F3199	G12793	G12794	G12795	G12796																					
F3200	G12797	G12798	G12799	G12800																					
F3201	G12801	G12802	G12803	G12804																					
F3202	G12805	G12806	G12807	G12808																					
F3203	G12809	G12810	G12811	G12812																					
F3204	G12813	G12814	G12815	G12816																					
F3205	G12817	G12818	G12819	G12820																					
F3206	G12821	G12822	G12823	G12824																					
F3207	G12825	G12826	G12827	G12828																					
F3208	G12829	G12830	G12831	G12832																					
F3209	G12833	G12834	G12835	G12836																					
F3210	G12837	G12838	G12839	G12840																					
F3211	G12841	G12842	G12843	G12844																					
F3212	G12845	G12846	G12847	G12848																					
F3213	G12849	G12850	G12851	G12852																					
F3214	G12853	G12854	G12855	G12856																					
F3215	G12857	G12858	G12859	G12860																					
F3216	G12861	G12862	G12863	G12864																					
F3217	G12865	G12866	G12867	G12868																					
F3218	G12869	G12870	G12871	G12872																					
F3219	G12873	G12874	G12875	G12876																					
F3220	G12877	G12878	G12879	G12880																					
F3221	G12881	G12882	G12883	G12884																					
F3222	G12885	G12886	G12887	G12888																					
F3223	G12889	G12890	G12891	G12892																					
F3224	G12893	G12894	G12895	G12896																					
F3225	G12897	G12898	G12899	G12900																					
F3226	G12901	G12902	G12903	G12904																					
F3227	G12905	G12906	G12907	G12908																					
F3228	G12909	G12910	G12911	G12912																					
F3229	G12913	G12914	G12915	G12916																					
F3230	G12917	G12918	G12919	G12920																					
F3231	G12921	G12922	G12923	G12924																					
F3232	G12925	G12926	G12927	G12928																					
F3233	G12929	G12930	G12931	G12932																					
F3234	G12933	G12934	G12935	G12936																					
F3235	G12937	G12938	G12939	G12940																					
F3236	G12941	G12942	G12943	G12944																					
F3237	G12945	G12946	G12947	G12948																					
F3238	G12949	G12950	G12951	G12952																					
F3239	G12953	G12954	G12955	G12956																					
F3240	G12957	G12958	G12959	G12960																					
F3241	G12961	G12962	G12963	G12964																					
F3242	G12965	G12966	G12967	G12968																					
F3243	G12969	G12970	G12971	G12972																					
F3244	G12973	G12974	G12975	G12976																					
F3245	G12977	G12978	G12979	G12980																					
F3246	G12981	G12982	G12983	G12984																					
F3247	G12985	G12986	G12987	G12988																					
F3248	G12989	G12990	G12991	G12992																					
F3249	G12993	G12994	G12995	G12996																					
F3250	G12997	G12998	G12999	G13000																					
F3251	G13001	G13002	G13003	G13004																					
F3252	G13005	G13006	G13007	G13008																					
F3253	G13009	G13010	G13011	G13012																					
F3254	G13013	G13014	G13015	G13016																					
F3255	G13017	G13018	G13019	G13020																					
F3256	G13021	G13022	G13023	G13024																					
F3257	G13025	G13026	G13027	G13028																					
F3258	G13029	G13030	G13031	G13032																					
F3259	G13033	G13034	G13035	G13036																					
F3260	G13037	G13038	G13039	G13040																					
F3261	G13041	G13042	G13043	G13044																					
F3262	G13045	G13046	G13047	G13048																					
F3263	G13049	G13050	G13051	G13052																					
F3264	G13053	G13054	G13055	G13056																					
F3265	G13057	G13058	G13059	G13060																					
F3266	G13061	G13062	G13063	G13064																					
F3267	G13065	G13066	G13067	G13068																					
F3268	G13069	G13070	G13071	G13072																					
F3269	G13073	G13074	G13075	G13076																					
F3270	G13077	G13078	G13079	G13080																					
F3271	G13081	G13082	G13083	G13084																					
F3272	G13085	G13086	G13087	G13088																					
F3273	G13089	G13090	G13091	G13092																					
F3274	G13093	G13094	G13095	G13096																					
F3275	G13097	G13098	G13099	G13100																					
F3276	G13101	G13102	G13103	G13104																					
F3277	G13105	G13106	G13107	G13108																					
F3278	G13109	G13110	G13111	G13112																					
F3279	G13113	G13114	G13115	G13116																					
F3280	G13117	G13118	G13119	G13120																					
F3281	G13121	G13122	G13123	G13124																					
F3282	G13125	G13126	G13127	G13128																					
F3283	G13129	G13130	G13131	G13132																					
F3284	G13133	G13134	G13135	G13136																					
F3285	G13137	G13138	G13139	G13140																					
F3286	G13141	G13142	G13143	G13144																					
F3287	G13145	G13146	G13147	G13148																					
F3288	G13149	G13150	G13151	G13152																					
F3289	G13153	G13154	G13155	G13156																					
F3290	G13157	G13158	G13159	G13160																					
F3291	G13161	G13162	G13163	G13164																					
F3292	G13165	G13166	G13167	G13168																					
F3293	G13169	G13170	G13171	G13172																					
F3294	G13173	G13174	G13175	G13176																					
F3295	G13177	G13178	G13179	G13180																					
F3296	G13181	G13182	G13183	G13184																					
F3297	G13185	G13186	G13187	G13188																					
F3298	G13189	G13190	G13191	G13192																					
F3299	G13193	G13194	G13195	G13196																					
F3300	G13197	G13198	G13199	G13200																					
F3301	G13201	G13202	G13203	G13204																					
F3302	G13205	G13206	G13207	G13208																					
F3303	G13209	G13210	G13211	G13212																					
F3304	G13213	G13214	G13215	G13216																					
F3305	G13217	G13218	G13219	G13220																					
F3306	G13221	G13222	G13223	G13224																					
F3307	G13225	G13226	G13227	G13228																					
F3308	G13229	G13230	G13231	G13232																					
F3309	G13233	G13234	G13235	G13236																					
F3310	G13237	G13238	G13239	G13240																					
F3311	G13241	G13242	G13243	G13244																					
F3312	G13245	G13246	G13247	G13248																					
F3313	G13249	G13250	G13251	G13252																					
F3314	G13253	G13254	G13255	G13256																					
F3315	G13257	G13258	G13259	G13260																					
F3316	G13261	G13262	G13263	G13264																					
F3317	G13265	G13266	G13267	G13268																					
F3318	G13269	G13270	G13271	G13272																					
F3319	G13273	G13274	G13275	G13276																					
F3320	G13277	G13278	G13279	G13280																					
F3321	G13281	G13282	G13283	G13284																					
F3322	G13285	G13286	G13287	G13288																					
F3323	G13289	G13290	G13291	G13292																					
F3324	G13293	G13294	G13295	G13296																					
F3325	G13297	G13298	G13299	G13300																					
F3326	G13301	G13302	G13303	G13304																					
F3327	G13305	G13306	G13307	G13308																					
F3328	G13309	G13310	G13311	G13312																					
F3329	G13313	G13314	G13315	G13316																					
F3330	G13317	G13318	G13319	G13320																					
F3331	G13321	G13322	G13323	G13324																					
F3332	G13325	G13326	G13327	G13328																					
F3333	G13329	G13330	G13331	G13332																					
F3334	G13333	G13334	G13335	G13336																					
F3335	G13337	G13338	G13339	G13340																					
F3336	G13341	G13342	G13343	G13344																					
F3337	G13345	G13346	G13347	G13348																					
F3338	G13349	G13350	G13351	G13352																					
F3339	G13353	G13354	G13355	G13356																					
F3340	G13357	G13358	G13359	G13360																					
F3341	G13361	G13362	G13363	G13364																					
F3342	G13365	G13366	G13367	G13368																					
F3343	G13369	G13370	G13371	G13372																					
F3344	G13373	G13374	G13375	G13376																					
F3345	G13377	G13378	G13379	G13380																					
F3346	G13381	G13382	G13383	G13384																					
F3347	G13385	G13386	G13387	G13388																					
F3348	G13389	G13390	G13391	G13392																					
F3349	G13393	G13394	G13395	G13396																					
F3350	G13397	G13398	G13399	G13400																					
F3351	G13401	G13402	G13403	G13404																					
F3352	G13405	G13406	G13407	G13408																					
F3353	G13409	G13410	G13411	G13412																					
F3354	G13413	G13414	G13415	G13416																					
F3355	G13417	G13418	G13419	G13420																					
F3356	G13421	G13422	G13423	G13424																					
F3357	G13425	G13426	G13427	G13428																					
F3358	G13429	G13430	G13431	G13432																					
F3359	G13433	G13434	G13435	G13436																					
F3360	G13437	G13438	G13439	G13440																					
F3361	G13441	G13442	G13443	G13444																					
F3362	G13445	G13446	G13447	G13448																					
F3363	G13449	G13450	G13451	G13452																					
F3364	G13453	G13454	G13455	G13456																					
F3365	G13457	G13458	G13459	G13460																					
F3366	G13461	G13462	G13463	G13464																					
F3367	G13465	G13466	G13467	G13468																					
F3368	G13469	G13470	G13471	G13472																					
F3369	G13473	G13474	G13475	G13476																					
F3370	G13477	G13478	G13479	G13480																					
F3371	G13481	G13482	G13483	G13484																					
F3372	G13485	G13486	G13487	G13488																					
F3373	G13489	G13490	G13491	G13492																					
F3374	G13493	G13494	G13495	G13496																					
F3375	G13497	G13498	G13499	G13500																					
F3376	G13501	G13502	G13503	G13504																					
F3377	G13505	G13506	G13507	G13508																					
F3378	G13509	G13510	G13511	G13512																					
F3379	G13513	G13514	G13515	G13516																					
F3380	G13517	G13518	G13519	G13520																					
F3381	G13521	G13522	G13523	G13524																					
F3382	G13525	G13526	G13527	G13528																					
F3383	G13529	G13530	G13531	G13532																					
F3384	G13533	G13534	G13535	G13536																					
F3385	G13537	G13538	G13539	G13540																					
F3386	G13541	G13542	G13543	G13544																					
F3387	G13545	G13546	G13547	G13548																					
F3388	G13549	G13550	G13551	G13552																					
F3389	G13553	G13554	G13555	G13556																					
F3390	G13557	G13558	G13559	G13560																					
F3391	G13561	G13562	G13563	G13564																					
F3392	G13565	G13566	G13567	G13568																					
F3393	G13569	G13570	G13571	G13572																					
F3394	G13573	G13574	G13575	G13576																					
F3395	G13577	G13578	G13579	G13580																					
F3396	G13581	G13582	G13583	G13584																					
F3397	G13585	G13586	G13587	G13588																					
F3398	G13589	G13590	G13591	G13592																					
F3399	G13593	G13594	G13595	G13596																					
F3400	G13597	G13598	G13599	G13600																					
F3401	G13601	G13602	G13603	G13604																					
F3402	G13605	G13606	G13607	G13608																					
F3403	G13609	G13610	G13611	G13612																					
F3404	G13613	G13614	G13615	G13616																					
F3405	G13617	G13618	G13619	G13620																					
F3406	G13621	G13622	G13623	G13624																					
F3407	G13625	G13626	G13627	G13628																					
F3408	G13629	G13630	G13631	G13632																					
F3409	G13633	G13634	G13635	G13636																					
F3410	G13637	G13638	G13639	G13640																					
F3411	G13641	G13642	G13643	G13644																					
F3412	G13645	G13646	G13647	G13648																					
F3413	G13649	G13650	G13651	G13652																					
F3414	G13653	G13654	G13655	G13656																					
F3415	G13657	G13658	G13659	G13660																					
F3416	G13661	G13662	G13663	G13664																					
F3417	G13665	G13666	G13667	G13668																					
F3418	G13669	G13670	G13671	G13672																					
F3419	G13673	G13674	G13675	G13676																					
F3420	G13677	G13678	G13679	G13680																					
F3421	G13681	G13682	G13683	G13684																					
F3422	G13685	G13686	G13687	G13688																					
F3423	G13689	G13690	G13691	G13692																					
F3424	G13693	G13694	G13695	G13696																					
F3425	G13697	G13698	G13699	G13700																					
F3426	G13701	G13702	G13703	G13704																					
F3427	G13705	G13706	G13707	G13708																					
F3428	G13709	G13710	G13711	G13712																					
F3429	G13713	G13714	G13715	G13716																					
F3430	G13717	G13718	G13719	G13720																					
F3431	G13721	G13722	G13723	G13724																					
F3432	G13725	G13726	G13727	G13728																					
F3433	G13729	G13730	G13731	G13732																					
F3434	G13733	G13734	G13735	G13736																					
F3435	G13737	G13738	G13739	G13740																					
F3436	G13741	G13742	G13743	G13744																					
F3437	G13745	G13746	G13747	G13748																					
F3438	G13749	G13750	G13751	G13752																					
F3439	G13753	G13754	G13755	G13756																					
F3440	G13757	G13758	G13759	G13760																					
F3441	G13761	G13762	G13763	G13764																					
F3442	G13765	G13766	G13767	G13768																					
F3443	G13769	G13770	G13771	G13772																					
F3444	G13773	G13774	G13775	G13776																					
F3445	G13777	G13778	G13779	G13780																					
F3446	G13781	G13782	G13783	G13784																					
F3447	G13785	G13786	G13787	G13788																					
F3448	G13789	G13790	G13791	G13792																					
F3449	G13793	G13794	G13795	G13796																					
F3450	G13797	G13798	G13799	G13800																					
F3451	G13801	G13802	G13803	G13804																					
F3452	G13805	G13806	G13807	G13808																					
F3453	G13809	G13810	G13811	G13812																					
F3454	G13813	G13814	G13815	G13816																					
F3455	G13817	G13818	G13819	G13820																					
F3456	G13821	G13822	G13823	G13824																					
F3457	G13825	G13826	G13827	G13828																					
F3458	G13829	G13830	G13831	G13832																					
F3459	G13833	G13834	G13835	G13836																					
F3460	G13837	G13838	G13839	G13840																					
F3461	G13841	G13842	G13843	G13844																					
F3462	G13845	G13846	G13847	G13848																					
F3463	G13849	G13850	G13851	G13852																					
F3464	G13853	G13854	G13855	G13856																					
F3465	G13857	G13858	G13859	G13860																					
F3466	G13861	G13862	G13863	G13864																					
F3467	G13865	G13866	G13867	G13868																					
F3468	G13869	G13870	G13871	G13872																					
F3469	G13873	G13874	G13875	G13876																					
F3470	G13877	G13878	G13879	G13880																					
F3471	G13881	G13882	G13883	G13884																					
F3472	G13885	G13886	G13887	G13888																					
F3473	G13889	G13890	G13891	G13892																					
F3474	G13893	G13894	G13895	G13896																					
F3475	G13897	G13898	G13899	G13900																					
F3476	G13901	G13902	G13903	G13904																					
F3477	G13905	G13906	G13907	G13908																					
F3478	G13909	G13910	G13911	G13912																					
F3479	G13913	G13914	G13915	G13916																					
F3480	G13917	G13918	G13919	G13920																					
F3481	G13921	G13922	G13923	G13924																					
F3482	G13925	G13926	G13927	G13928																					
F3483	G13929	G13930	G13931	G13932																					
F3484	G13933	G13934	G13935	G13936																					
F3485	G13937	G13938	G13939	G13940																					
F3486	G13941	G13942	G13943	G13944																					
F3487	G13945	G13946	G13947	G13948																					
F3488	G13949	G13950	G13951	G13952																					
F3489	G13953	G13954	G13955	G13956																					
F3490	G13957	G13958	G13959	G13960																					
F3491	G13961	G13962	G13963	G13964																					
F3492	G13965	G13966	G13967	G13968																					
F3493	G13969	G13970	G13971	G13972																					
F3494	G13973	G13974	G13975	G13976																					
F3495	G13977	G13978	G13979	G13980																					
F3496	G13981	G13982	G13983	G13984																					
F3497	G13985	G13986	G13987	G13988																					
F3498	G13989	G13990	G13991	G13992																					
F3499	G13993	G13994	G13995	G13996																					
F3500	G13997	G13998	G13999	G14000																					
F3501	G14001	G14002	G14003	G14004																					
F3502	G14005	G14006	G14007	G14008																					
F3503	G14009	G14010	G14011	G14012																					
F3504	G14013	G14014	G14015	G14016																					
F3505	G14017	G14018	G14019	G14020																					
F3506	G14021	G14022	G14023	G14024																					
F3507	G14025	G14026	G14027	G14028																					
F3508	G14029	G14030	G14031	G14032																					
F3509	G14033	G14034	G14035	G14036																					
F3510	G14037	G14038	G14039	G14040																					
F3511	G14041	G14042	G14043	G14044																					
F3512	G14045	G14046	G14047	G14048																					
F3513	G14049	G14050	G14051	G14052																					
F3514	G14053	G14054	G14055	G14056																					
F3515	G14057	G14058	G14059	G14060																					
F3516	G14061	G14062	G14063	G14064																					
F3517	G14065	G14066	G14067	G14068																					
F3518	G14069	G14070	G14071	G14072																					
F3519	G14073	G14074	G14075	G14076																					
F3520	G14077	G14078	G14079	G14080																					
F3521	G14081	G14082	G14083	G14084																					
F3522	G14085	G14086	G14087	G14088																					
F3523	G14089	G14090	G14091	G14092																					
F3524	G14093	G14094	G14095	G14096																					
F3525	G14097	G14098	G14099	G14100																					
F3526	G14101	G14102	G14103	G14104																					
F3527	G14105	G14106	G14107	G14108																					
F3528	G14109	G14110	G14111	G14112																					
F3529	G14113	G14114	G14115	G14116																					
F3530	G14117	G14118	G14119	G14120																					
F3531	G14121	G14122	G14123	G14124																					
F3532	G14125	G14126	G14127	G14128																					
F3533	G14129	G14130	G14131	G14132																					
F3534	G14133	G14134	G14135	G14136																					
F3535	G14137	G14138	G14139	G14140																					
F3536	G14141	G14142	G14143	G14144																					
F3537	G14145	G14146	G14147	G14148																					
F3538	G14149	G14150	G14151	G14152																					
F3539	G14153	G14154	G14155	G14156																					
F3540	G14157	G14158	G14159	G14160																					
F3541	G14161	G14162	G14163	G14164																					
F3542	G14165	G14166	G14167	G14168																					
F3543	G14169	G14170	G14171	G14172																					
F3544	G14173	G14174	G14175	G14176																					
F3545	G14177	G14178	G14179	G14180																					
F3546	G14181	G14182	G14183	G14184																					
F3547	G14185	G14186	G14187	G14188																					
F3548	G14189	G14190	G14191	G14192																					
F3549	G14193	G14194	G14195	G14196																					
F3550	G14197	G14198	G14199	G14200																					
F3551	G14201	G14202	G14203	G14204																					
F3552	G14205	G14206	G14207	G14208																					
F3553	G14209	G14210	G14211	G14212																					
F3554	G14213	G14214	G14215	G14216																					
F3555	G14217	G14218	G14219	G14220																					
F3556	G14221	G14222	G14223	G14224																					
F3557	G14225	G14226	G14227	G14228																					
F3558	G14229	G14230	G14231	G14232																					
F3559	G14233	G14234	G14235	G14236																					
F3560	G14237	G14238	G14239	G14240																					
F3561	G14241	G14242	G14243	G14244																					
F3562	G14245	G14246	G14247	G14248																					
F3563	G14249	G14250	G14251	G14252																					
F3564	G14253	G14254	G14255	G14256																					
F3565	G14257	G14258	G14259	G14260																					
F3566	G14261	G14262	G14263	G14264																					
F3567	G14265	G14266	G14267	G14268																					
F3568	G14269	G14270	G14271	G14272																					
F3569	G14273	G14274	G14275	G14276																					
F3570	G14277	G14278	G14279	G14280																					
F3571	G14281	G14282	G14283	G14284																					
F3572	G14285	G14286	G14287	G14288																					
F3573	G14289	G14290	G14291	G14292																					
F3574	G14293	G14294	G14295	G14296																					
F3575	G14297	G14298	G14299	G14300																					
F3576	G14301	G14302	G14303	G14304																					
F3577	G14305	G14306	G14307	G14308																					
F3578	G14309	G14310	G14311	G14312																					
F3579	G14313	G14314	G14315	G14316																					
F3580	G14317	G14318	G14319	G14320																					
F3581	G14321	G14322	G14323	G14324																					
F3582	G14325	G14326	G14327	G14328																					
F3583	G14329	G14330	G14331	G14332																					
F3584	G14333	G14334	G14335	G14336																					
F3585	G14337	G14338	G14339	G14340																					
F3586	G14341	G14342	G14343	G14344																					
F3587	G14345	G14346	G14347	G14348																					
F3588	G14349	G14350	G14351	G14352																					
F3589	G14353	G14354	G14355	G14356																					
F3590	G14357	G14358	G14359	G14360																					
F3591	G14361	G14362	G14363	G14364																					
F3592	G14365	G14366	G14367	G14368																					
F3593	G14369	G14370	G14371	G14372																					
F3594	G14373	G14374	G14375	G14376																					
F3595	G14377	G14378	G14379	G14380																					
F3596	G14381	G14382	G14383	G14384																					
F3597	G14385	G14386	G14387	G14388																					
F3598	G14389	G14390	G14391	G14392																					
F3599	G14393	G14394	G14395	G14396																					
F3600	G14397	G14398	G14399	G14400																					
F3601	G14401	G14402	G14403	G14404																					
F3602	G14405	G14406	G14407	G14408																					
F3603	G14409	G14410	G14411	G14412																					
F3604	G14413	G14414	G14415	G14416																					
F3605	G14417	G14418	G14419	G14420																					
F3606	G14421	G14422	G14423	G14424																					
F3607	G14425	G14426	G14427	G14428																					
F3608	G14429	G14430	G14431	G14432																					
F3609	G14433	G14434	G14435	G14436																					
F3610	G14437	G14438	G14439	G14440																					
F3611	G14441	G14442	G14443	G14444																					
F3612	G14445	G14446	G14447	G14448																					
F3613	G14449	G14450	G14451	G14452																					
F3614	G14453	G14454	G14455	G14456																					
F3615	G14457	G14458	G14459	G14460																					
F3616	G14461	G14462	G14463	G14464																					
F3617	G14465	G14466	G14467	G14468																					
F3618	G14469	G14470	G14471	G14472																					
F3619	G14473	G14474	G14475	G14476																					
F3620	G14477	G14478	G14479	G14480																					
F3621	G14481	G14482	G14483	G14484																					
F3622	G14485	G14486	G14487	G14488																					
F3623	G14489	G14490	G14491	G14492																					
F3624	G14493	G14494	G14495	G14496																					
F3625	G14497	G14498	G14499	G14500																					
F3626	G14501	G14502	G14503	G14504																					
F3627	G14505	G14506	G14507	G14508																					
F3628	G14509	G14510	G14511	G14512																					
F3629	G14513	G14514	G14515	G14516																					
F3630	G14517	G14518	G14519	G14520																					
F3631	G14521	G14522	G14523	G14524																					
F3632	G14525	G14526	G14527	G14528																					
F3633	G14529	G14530	G14531	G14532																					
F3634	G14533	G14534	G14535	G14536																					
F3635	G14537	G14538	G14539	G14540																					
F3636	G14541	G14542	G14543	G14544																					
F3637	G14545	G14546	G14547	G14548																					
F3638	G14549	G14550	G14551	G14552																					
F3639	G14553	G14554	G14555	G14556																					
F3640	G14557	G14558	G14559	G14560																					
F3641	G14561	G14562	G14563	G14564																					
F3642	G14565	G14566	G14567	G14568																					
F3643	G14569	G14570	G14571	G14572																					
F3644	G14573	G14574	G14575	G14576																					
F3645	G14577	G14578	G14579	G14580																					
F3646	G14581	G14582	G14583	G14584																					
F3647	G14585	G14586	G14587	G14588																					
F3648	G14589	G14590	G14591	G14592																					
F3649	G14593	G14594	G14595	G14596																					
F3650	G14597	G14598	G14599	G14600																					
F3651	G14601	G14602	G14603	G14604																					
F3652	G14605	G14606	G14607	G14608																					
F3653	G14609	G14610	G14611	G14612																					
F3654	G14613	G14614	G14615	G14616																					
F3655	G14617	G14618	G14619	G14620																					
F3656	G14621	G14622	G14623	G14624																					
F3657	G14625	G14626	G14627	G14628																					
F3658	G14629	G14630	G14631	G14632																					
F3659	G14633	G14634	G14635	G14636																					
F3660	G14637	G14638	G14639	G14640																					
F3661	G14641	G14642	G14643	G14644																					
F3662	G14645	G14646	G14647	G14648																					
F3663	G14649	G14650	G14651	G14652																					
F3664	G14653	G14654	G14655	G14656																					
F3665	G14657	G14658	G14659	G14660																					
F3666	G14661	G14662	G14663	G14664																					
F3667	G14665	G14666	G14667	G14668																					
F3668	G14669	G14670	G14671	G14672																					
F3669	G14673	G14674	G14675	G14676																					
F3670	G14677	G14678	G14679	G14680																					
F3671	G14681	G14682	G14683	G14684																					
F3672	G14685	G14686	G14687	G14688																					
F3673	G14689	G14690	G14691	G14692																					
F3674	G14693	G14694	G14695	G14696																					
F3675	G14697	G14698	G14699	G14700																					
F3676	G14701	G14702	G14703	G14704																					
F3677	G14705	G14706	G14707	G14708																					
F3678	G14709	G14710	G14711	G14712																					
F3679	G14713	G14714	G14715	G14716																					
F3680	G14717	G14718	G14719	G14720																					
F3681	G14721	G14722	G14723	G14724																					
F3682	G14725	G14726	G14727	G14728																					
F3683	G14729	G14730	G14731	G14732																					
F3684	G14733	G14734	G14735	G14736																					
F3685	G14737	G14738	G14739	G14740																					
F3686	G14741	G14742	G14743	G14744																					
F3687	G14745	G14746	G14747	G14748																					
F3688	G14749	G14750	G14751	G14752																					
F3689	G14753	G14754	G14755	G14756																					
F3690	G14757	G14758	G14759	G14760																					
F3691	G14761	G14762	G14763	G14764																					
F3692	G14765	G14766	G14767	G14768																					
F3693	G14769	G14770	G14771	G14772																					
F3694	G14773	G14774	G14775	G14776																					
F3695	G14777	G14778	G14779	G14780																					
F3696	G14781	G14782	G14783	G14784																					
F3697	G14785	G14786	G14787	G14788																					
F3698	G14789	G14790	G14791	G14792																					
F3699	G14793	G14794	G14795	G14796																					
F3700	G14797	G14798	G14799	G14800																					
F3701	G14801	G14802	G14803	G14804																					
F3702	G14805	G14806	G14807	G14808																					
F3703	G14809	G14810	G14811	G14812																					
F3704	G14813	G14814	G14815	G14816																					
F3705	G14817	G14818	G14819	G14820																					
F3706	G14821	G14822	G14823	G14824																					
F3707	G14825	G14826	G14827	G14828																					
F3708	G14829	G14830	G14831	G14832																					
F3709	G14833	G14834	G14835	G14836																					
F3710	G14837	G14838	G14839	G14840																					
F3711	G14841	G14842	G14843	G14844																					
F3712	G14845	G14846	G14847	G14848																					
F3713	G14849	G14850	G14851	G14852																					
F3714	G14853	G14854	G14855	G14856																					
F3715	G14857	G14858	G14859	G14860																					
F3716	G14861	G14862	G14863	G14864																					
F3717	G14865	G14866	G14867	G14868																					
F3718	G14869	G14870	G14871	G14872																					
F3719	G14873	G14874	G14875	G14876																					
F3720	G14877	G14878	G14879	G14880																					
F3721	G14881	G14882	G14883	G14884																					
F3722	G14885	G14886	G14887	G14888																					
F3723	G14889	G14890	G14891	G14892																					
F3724	G14893	G14894	G14895	G14896																					
F3725	G14897	G14898	G14899	G14900																					
F3726	G14901	G14902	G14903	G14904																					
F3727	G14905	G14906	G14907	G14908																					
F3728	G14909	G14910	G14911	G14912																					
F3729	G14913	G14914	G14915	G14916																					
F3730	G14917	G14918	G14919	G14920																					
F3731	G14921	G14922	G14923	G14924																					
F3732	G14925	G14926	G14927	G14928																					
F3733	G14929	G14930	G14931	G14932																					
F3734	G14933	G14934	G14935	G14936																					
F3735	G14937	G14938	G14939	G14940																					
F3736	G14941	G14942	G14943	G14944																					
F3737	G14945	G14946	G14947	G14948																					
F3738	G14949	G14950	G14951	G14952																					
F3739	G14953	G14954	G14955	G14956																					
F3740	G14957	G14958	G14959	G14960																					
F3741	G14961	G14962	G14963	G14964																					
F3742	G14965	G14966	G14967	G14968																					
F3743	G14969	G14970	G14971	G14972																					
F3744	G14973	G14974	G14975	G14976																					
F3745	G14977	G14978	G14979	G14980																					
F3746	G14981	G14982	G14983	G14984																					
F3747	G14985	G14986	G14987	G14988																					
F3748	G14989	G14990	G14991	G14992																					
F3749	G14993	G14994	G14995	G14996																					
F3750	G14997	G14998	G14999	G15000																					
F3751	G15001	G15002	G15003	G15004																					
F3752	G15005	G15006	G15007	G15008																					
F3753	G15009	G15010	G15011	G15012																					
F3754	G15013	G15014	G15015	G15016																					
F3755	G15017	G15018	G15019	G15020																					
F3756	G15021	G15022	G15023	G15024																					
F3757	G15025	G15026	G15027	G15028																					
F3758	G15029	G15030	G15031	G15032																					
F3759	G15033	G15034	G15035	G15036																					
F3760	G15037	G15038	G15039	G15040																					
F3761	G15041	G15042	G15043	G15044																					
F3762	G15045	G15046	G15047	G15048																					
F3763	G15049	G15050	G15051	G15052																					
F3764	G15053	G15054	G15055	G15056																					
F3765	G15057	G15058	G15059	G15060																					
F3766	G15061	G15062	G15063	G15064																					
F3767	G15065	G15066	G15067	G15068																					
F3768	G15069	G15070	G15071	G15072																					
F3769	G15073	G15074	G15075	G15076																					
F3770	G15077	G15078	G15079	G15080																					
F3771	G15081	G15082	G15083	G15084																					
F3772	G15085	G15086	G15087	G15088																					
F3773	G15089	G15090	G15091	G15092																					
F3774	G15093	G15094	G15095	G15096																					
F3775	G15097	G15098	G15099	G15100																					
F3776	G15101	G15102	G15103	G15104																					
F3777	G15105	G15106	G15107	G15108																					
F3778	G15109	G15110	G15111	G15112																					
F3779	G15113	G15114	G15115	G15116																					
F3780	G15117	G15118	G15119	G15120																					
F3781	G15121	G15122	G15123	G15124																					
F3782	G15125	G15126	G15127	G15128																					
F3783	G15129	G15130	G15131	G15132																					
F3784	G15133	G15134	G15135	G15136																					
F3785	G15137	G15138	G15139	G15140																					
F3786	G15141	G15142	G15143	G15144																					
F3787	G15145	G15146	G15147	G15148																					
F3788	G15149	G15150	G15151	G15152																					
F3789	G15153	G15154	G15155	G15156																					
F3790	G15157	G15158	G15159	G15160																					
F3791	G15161	G15162	G15163	G15164																					
F3792	G15165	G15166	G15167	G15168																					
F3793	G15169	G15170	G15171	G15172																					
F3794	G15173	G15174	G15175	G15176																					
F3795	G15177	G15178	G15179	G15180																					
F3796	G15181	G15182	G15183	G15184																					
F3797	G15185	G15186	G15187	G15188																					
F3798	G15189	G15190	G15191	G15192																					
F3799	G15193	G15194	G15195	G15196																					
F3800	G15197	G15198	G15199	G15200																					
F3801	G15201	G15202	G15203	G15204																					
F3802	G15205	G15206	G15207	G15208																					
F3803	G15209	G15210	G15211	G15212																					
F3804	G15213	G15214	G15215	G15216																					
F3805	G15217	G15218	G15219	G15220																					
F3806	G15221	G15222	G15223	G15224																					
F3807	G15225	G15226	G15227	G15228																					
F3808	G15229	G15230	G15231	G15232																					
F3809	G15233	G15234	G15235	G15236																					
F3810	G15237	G15238	G15239	G15240																					
F3811	G15241	G15242	G15243	G15244																					
F3812	G15245	G15246	G15247	G15248																					
F3813	G15249	G15250	G15251	G15252																					
F3814	G15253	G15254	G15255	G15256																					
F3815	G15257	G15258	G15259	G15260																					
F3816	G15261	G15262	G15263	G15264																					
F3817	G15265	G15266	G15267	G15268																					
F3818	G15269	G15270	G15271	G15272																					
F3819	G15273	G15274	G15275	G15276																					
F3820	G15277	G15278	G15279	G15280																					
F3821	G15281	G15282	G15283	G15284																					
F3822	G15285	G15286	G15287	G15288																					
F3823	G15289	G15290	G15291	G15292																					
F3824	G15293	G15294	G15295	G15296																					
F3825	G15297	G15298	G15299	G15300																					
F3826	G15301	G15302	G15303	G15304																					
F3827	G15305	G15306	G15307	G15308																					
F3828	G15309	G15310	G15311	G15312																					
F3829	G15313	G15314	G15315	G15316																					
F3830	G15317	G15318	G15319	G15320																					
F3831	G15321	G15322	G15323	G15324																					
F3832	G15325	G15326	G15327	G15328																					
F3833	G15329	G15330	G15331	G15332																					
F3834	G15333	G15334	G15335	G15336																					
F3835	G15337	G15338	G15339	G15340																					
F3836	G15341	G15342	G15343	G15344																					
F3837	G15345	G15346	G15347	G15348																					
F3838	G15349	G15350	G15351	G15352																					
F3839	G15353	G15354	G15355	G15356																					
F3840	G15357	G15358	G15359	G15360																					
F3841	G15361	G15362	G15363	G15364																					
F3842	G15365	G15366	G15367	G15368																					
F3843	G15369	G15370	G15371	G15372																					
F3844	G15373	G15374	G15375	G15376																					
F3845	G15377	G15378	G15379	G15380																					
F3846	G15381	G15382	G15383	G15384																					
F3847	G15385	G15386	G15387	G15388																					
F3848	G15389	G15390	G15391	G15392																					
F3849	G15393	G15394	G15395	G15396																					
F3850	G15397	G15398	G15399	G15400																					
F3851	G15401	G15402	G15403	G15404																					
F3852	G15405	G15406	G15407	G15408																					
F3853	G15409	G15410	G15411	G15412																					
F3854	G15413	G15414	G15415	G15416																					
F3855	G15417	G15418	G15419	G15420																					
F3856	G15421	G15422	G15423	G15424																					
F3857	G15425	G15426	G15427	G15428																					
F3858	G15429	G15430	G15431	G15432																					
F3859	G15433	G15434	G15435	G15436																					
F3860	G15437	G15438	G15439	G15440																					
F3861	G15441	G15442	G15443	G15444																					
F3862	G15445	G15446	G15447	G15448																					
F3863	G15449	G15450	G15451	G15452																					
F3864	G15453	G15454	G15455	G15456																					
F3865	G15457	G15458	G15459	G15460																					
F3866	G15461	G15462	G15463	G15464																					
F3867	G15465	G15466	G15467	G15468																					
F3868	G15469	G15470	G15471	G15472																					
F3869	G15473	G15474	G15475	G15476																					
F3870	G15477	G15478	G15479	G15480																					
F3871	G15481	G15482	G15483	G15484																					
F3872	G15485	G15486	G15487	G15488																					
F3873	G15489	G15490	G15491	G15492																					
F3874	G15493	G15494	G15495	G15496																					
F3875	G15497	G15498	G15499	G15500																					
F3876	G15501	G15502	G15503	G15504																					
F3877	G15505	G15506	G15507	G15508																					
F3878	G15509	G15510	G15511	G15512																					
F3879	G15513	G15514	G15515	G15516																					
F3880	G15517	G15518	G15519	G15520																					
F3881	G15521	G15522	G15523	G15524																					
F3882	G15525	G15526	G15527	G15528																					
F3883	G15529	G15530	G15531	G15532																					
F3884	G15533	G15534	G15535	G15536																					
F3885	G15537	G15538	G15539	G15540																					
F3886	G15541	G15542	G15543	G15544																					
F3887	G15545	G15546	G15547	G15548																					
F3888	G15549	G15550	G15551	G15552																					
F3889	G15553	G15554	G15555	G15556																					
F3890	G15557	G15558	G15559	G15560																					
F3891	G15561	G15562	G15563	G15564																					
F3892	G15565	G15566	G15567	G15568																					
F3893	G15569	G15570	G15571	G15572																					
F3894	G15573	G15574	G15575	G15576																					
F3895	G15577	G15578	G15579	G15580																					
F3896	G15581	G15582	G15583	G15584																					
F3897	G15585	G15586	G15587	G15588																					
F3898	G15589	G15590	G15591	G15592																					
F3899	G15593	G15594	G15595	G15596																					
F3900	G15597	G15598	G15599	G15600																					
F3901	G15601	G15602	G15603	G15604																					
F3902	G15605	G15606	G15607	G15608																					
F3903	G15609	G15610	G15611	G15612																					
F3904	G15613	G15614	G15615	G15616																					
F3905	G15617	G15618	G15619	G15620																					
F3906	G15621	G15622	G15623	G15624																					
F3907	G15625	G15626	G15627	G15628																					
F3908	G15629	G15630	G15631	G15632																					
F3909	G15633	G15634	G15635	G15636																					
F3910	G15637	G15638	G15639	G15640																					
F3911	G15641	G15642	G15643	G15644																					
F3912	G15645	G15646	G15647	G15648																					
F3913	G15649	G15650	G15651	G15652																					
F3914	G15653	G15654	G15655	G15656																					
F3915	G15657	G15658	G15659	G15660																					
F3916	G15661	G15662	G15663	G15664																					
F3917	G15665	G15666	G15667	G15668																					
F3918	G15669	G15670	G15671	G15672																					
F3919	G15673	G15674	G15675	G15676																					
F3920	G15677	G15678	G15679	G15680																					
F3921	G15681	G15682	G15683	G15684																					
F3922	G15685	G15686	G15687	G15688																					
F3923	G15689	G15690	G15691	G15692																					
F3924	G15693	G15694	G15695	G15696																					
F3925	G15697	G15698	G15699	G15700																					
F3926	G15701	G15702	G15703	G15704																					
F3927	G15705	G15706	G15707	G15708																					
F3928	G15709	G15710	G15711	G15712																					
F3929	G15713	G15714	G15715	G15716																					
F3930	G15717	G15718	G15719	G15720																					
F3931	G15721	G15722	G15723	G15724																					
F3932	G15725	G15726	G15727	G15728																					
F3933	G15729	G15730	G15731	G15732																					
F3934	G15733	G15734	G15735	G15736																					
F3935	G15737	G15738	G15739	G15740																					
F3936	G15741	G15742	G15743	G15744																					
F3937	G15745	G15746	G15747	G15748																					
F3938	G15749	G15750	G15751	G15752																					
F3939	G15753	G15754	G15755	G15756																					
F3940	G15757	G15758	G15759	G15760																					
F3941	G15761	G15762	G15763	G15764																					
F3942	G15765	G15766	G15767	G15768																					
F3943	G15769	G15770	G15771	G15772																					
F3944	G15773	G15774	G15775	G15776																					
F3945	G15777	G15778	G15779	G15780																					
F3946	G15781	G15782	G15783	G15784																					
F3947	G15785	G15786	G15787	G15788																					
F3948	G15789	G15790	G15791	G15792																					
F3949	G15793	G15794	G15795	G15796																					
F3950	G15797	G15798	G15799	G15800																					
F3951	G15801	G15802	G15803	G15804																					
F3952	G15805	G15806	G15807	G15808																					
F3953	G15809	G15810	G15811	G15812																					
F3954	G15813	G15814	G15815	G15816																					
F3955	G15817	G15818	G15819	G15820																					
F3956	G15821	G15822	G15823	G15824																					
F3957	G15825	G15826	G15827	G15828																					
F3958	G15829	G15830	G15831	G15832																					
F3959	G15833	G15834	G15835	G15836																					
F3960	G15837	G15838	G15839	G15840																					
F3961	G15841	G15842	G15843	G15844																					
F3962	G15845	G15846	G15847	G15848																					
F3963	G15849	G15850	G15851	G15852																					
F3964	G15853	G15854	G15855	G15856																					
F3965	G15857	G15858	G15859	G15860																					
F3966	G15861	G15862	G15863	G15864																					
F3967	G15865	G15866	G15867	G15868																					
F3968	G15869	G15870	G15871	G15872																					
F3969	G15873	G15874	G15875	G15876																					
F3970	G15877	G15878	G15879	G15880																					
F3971	G15881	G15882	G15883	G15884																					
F3972	G15885	G15886	G15887	G15888																					
F3973	G15889	G15890	G15891	G15892																					
F3974	G15893	G15894	G15895	G15896																					
F3975	G15897	G15898	G15899	G15900																					
F3976	G15901	G15902	G15903	G15904																					
F3977	G15905	G15906	G15907	G15908																					
F3978	G15909	G15910	G15911	G15912																					
F3979	G15913	G15914	G15915	G15916																					
F3980	G15917	G15918	G15919	G15920																					
F3981	G15921	G15922	G15923	G15924																					
F3982	G15925	G15926	G15927	G15928																					
F3983	G15929	G15930	G15931	G15932																					
F3984	G15933	G15934	G15935	G15936																					
F3985	G15937	G15938	G15939	G15940																					
F3986	G15941	G15942	G15943	G15944																					
F3987	G15945	G15946	G15947	G15948																					
F3988	G15949	G15950	G15951	G15952																					
F3989	G15953	G15954	G15955	G15956																					
F3990	G15957	G15958	G15959	G15960																					
F3991	G15961	G15962	G15963	G15964																					
F3992	G15965	G15966	G15967	G15968																					
F3993	G15969	G15970	G15971	G15972																					
F3994	G15973	G15974	G15975	G15976																					
F3995	G15977	G15978	G15979	G15980																					
F3996	G15981	G15982	G15983	G15984																					
F3997	G15985	G15986	G15987	G15988																					
F3998	G15989	G15990	G15991	G15992																					
F3999	G15993	G15994	G15995	G15996																					
F4000	G15997	G15998	G15999	G16000																					
F4001	G16001	G16002	G16003	G16004																					
F4002	G16005	G16006	G16007	G16008																					
F4003	G16009	G16010	G16011	G16012																					
F4004	G16013	G16014	G16015	G16016																					
F4005	G16017	G16018	G16019	G16020																					
F4006	G16021	G16022	G16023	G16024																					
F4007	G16025	G16026	G16027	G16028																					
F4008	G16029	G16030	G16031	G16032																					
F4009	G16033	G16034	G16035	G16036																					
F4010	G16037	G16038	G16039	G16040																					
F4011	G16041	G16042	G16043	G16044																					
F4012	G16045	G16046	G16047	G16048																					
F4013	G16049	G16050	G16051	G16052																					
F4014	G16053	G16054	G16055	G16056																					
F4015	G16057	G16058	G16059	G16060																					
F4016	G16061	G16062	G16063	G16064																					
F4017	G16065	G16066	G16067	G16068																					
F4018	G16069	G16070	G16071	G16072																					
F4019	G16073	G16074	G16075	G16076																					
F4020	G16077	G16078	G16079	G16080																					
F4021	G16081	G16082	G16083	G16084																					
F4022	G16085	G16086	G16087	G16088																					
F4023	G16089	G16090	G16091	G16092																					
F4024	G16093	G16094	G16095	G16096																					
F4025	G16097	G16098	G16099	G16100																					
F4026	G16101	G16102	G16103	G16104																					
F4027	G16105	G16106	G16107	G16108																					
F4028	G16109	G16110	G16111	G16112																					
F4029	G16113	G16114	G16115	G16116																					
F4030	G16117	G16118	G16119	G16120																					
F4031	G16121	G16122	G16123	G16124																					
F4032	G16125	G16126	G16127	G16128																					
F4033	G16129	G16130	G16131	G16132																					
F4034	G16133	G16134	G16135	G16136																					
F4035	G16137	G16138	G16139	G16140																					
F4036	G16141	G16142	G16143	G16144																					
F4037	G16145	G16146	G16147	G16148																					
F4038	G16149	G16150	G16151	G16152																					
F4039	G16153	G16154	G16155	G16156																					
F4040	G16157	G16158	G16159	G16160																					
F4041	G16161	G16162	G16163	G16164																					
F4042	G16165	G16166	G16167	G16168																					
F4043	G16169	G16170	G16171	G16172																					
F4044	G16173	G16174	G16175	G16176																					
F4045	G16177	G16178	G16179	G16180																					
F4046	G16181	G16182	G16183	G16184																					
F4047	G16185	G16186	G16187	G16188																					
F4048	G16189	G16190	G16191	G16192																					
F4049	G16193	G16194	G16195	G16196																					
F4050	G16197	G16198	G16199	G16200																					
F4051	G16201	G16202	G16203	G16204																					
F4052	G16205	G16206	G16207	G16208																					
F4053	G16209	G16210	G16211	G16212																					
F4054	G16213	G16214	G16215	G16216																					
F4055	G16217	G16218	G16219	G16220																					
F4056	G16221	G16222	G16223	G16224																					
F4057	G16225	G16226	G16227	G16228																					
F4058	G16229	G16230	G16231	G16232																					
F4059	G16233	G16234	G16235	G16236																					
F4060	G16237	G16238	G16239	G16240																					
F4061	G16241	G16242	G16243	G16244																					
F4062	G16245	G16246	G16247	G16248																					
F4063	G16249	G16250	G16251	G16252																					
F4064	G16253	G16254	G16255	G16256																					
F4065	G16257	G16258	G16259	G16260																					
F4066	G16261	G16262	G16263	G16264																					
F4067	G16265	G16266	G16267	G16268																					
F4068	G16269	G16270	G16271	G16272																					
F4069	G16273	G16274	G16275	G16276																					
F4070	G16277	G16278	G16279	G16280																					
F4071	G16281	G16282	G16283	G16284																					
F4072	G16285	G16286	G16287	G16288																					
F4073	G16289	G16290	G16291	G16292																					
F4074	G16293	G16294	G16295	G16296																					
F4075	G16297	G16298	G16299	G16300																					
F4076	G16301	G16302	G16303	G16304																					
F4077	G16305	G16306	G16307	G16308																					
F4078	G16309	G16310	G16311	G16312																					
F4079	G16313	G16314	G16315	G16316																					
F4080	G16317	G16318	G16319	G16320																					
F4081	G16321	G16322	G16323	G16324																					
F4082	G16325	G16326	G16327	G16328																					
F4083	G16329	G16330	G16331	G16332																					
F4084	G16333	G16334	G16335	G16336																					
F4085	G16337	G16338	G16339	G16340																					
F4086	G16341	G16342	G16343	G16344																					
F4087	G16345	G16346	G16347	G16348																					
F4088	G16349	G16350	G16351	G16352																					
F4089	G16353	G16354	G16355	G16356																					
F4090	G16357	G16358	G16359	G16360																					
F4091	G16361	G16362	G16363	G16364																					
F4092	G16365	G16366	G16367	G16368																					
F4093	G16369	G16370	G16371	G16372																					
F4094	G16373	G16374	G16375	G16376																					
F4095	G16377	G16378	G16379	G16380																					
F4096	G16381	G16382	G16383	G16384																					
